{"TEMP_texelinfo":7.11877,"attachable":{"offsets":{"head":[0,0,2],"root":[0,0,0]}},"audio":{"loops":{"build":{"cue":"/SE/Construction/Fab_contruction_beam_loop","flag":"build_target_changed","should_start_func":"has_build_target","should_stop_func":"no_build_target"},"move":{"cue":"/SE/Movement/air/fab_air_loop","flag":"vel_changed","should_start_func":"is_moving","should_stop_func":"is_not_moving"}},"selection_response":{"cue":"/SE/Selection/air/fabber"}},"base_spec":"/pa/units/air/base_flyer/base_flyer.json","build_metal_cost":200,"buildable_types":"Land & Structure & Basic | Factory & Basic | Factory & Advanced & Air | FabBuild","command_caps":["ORDER_Move","ORDER_Patrol","ORDER_Build","ORDER_Reclaim","ORDER_Repair","ORDER_Assist","ORDER_Use"],"description":"!LOC(units:basic_fabricator_wired_to_build_structures.message):Basic fabricator- Wired to build structures.","display_name":"!LOC(units:fabrication_aircraft.message):Fabrication Aircraft","events":{"build_complete":{"audio_cue":"/SE/Build_Complete/fab","effect_scale":0.5},"died":{"audio_cue":"/SE/Death/Air","effect_scale":0.5}},"fx_offsets":[{"bone":"bone_pitch","filename":"/pa/effects/specs/fab_spray.pfx","offset":[0,-1.6345,-0.4005],"orientation":[0,0,0],"type":"build"},{"bone":"bone_leftWing","filename":"/pa/units/air/fabrication_aircraft/fabrication_aircraft_jets.pfx","offset":[0.8185,0.005,-0.411],"orientation":[0,90,0],"type":"moving"},{"bone":"bone_rightWing","filename":"/pa/units/air/fabrication_aircraft/fabrication_aircraft_jets.pfx","offset":[-0.819,0.005,-0.411],"orientation":[0,90,0],"type":"moving"}],"guard_layer":"WL_LandHorizontal","guard_radius":60,"max_health":25,"mesh_bounds":[4.9,2.792045,1.87003],"model":{"animations":{"fly":"/pa/units/air/fabrication_aircraft/fabrication_aircraft_anim_flyX.papa"},"animtree":"/pa/anim/anim_trees/fabrication_aircraft_anim_tree.json","filename":"/pa/units/air/fabrication_aircraft/fabrication_aircraftX.papa"},"navigation":{"acceleration":35,"aggressive_behavior":"circle","brake":35,"circle_max_time":3,"circle_min_time":1,"move_speed":35,"turn_speed":180,"type":"air"},"physics":{"gravity_scalar":1,"radius":2},"recon":{"observer":{"items":[{"channel":"sight","layer":"surface_and_air","radius":100,"shape":"capsule"}]}},"tools":[{"aim_bone":"bone_pitch","spec_id":"/pa/units/air/fabrication_aircraft/fabrication_aircraft_build_arm.json"}],"transportable":{"size":1},"unit_types":["UNITTYPE_Air","UNITTYPE_Fabber","UNITTYPE_Construction","UNITTYPE_Mobile","UNITTYPE_Basic","UNITTYPE_FactoryBuild"]}