{"attachable":{"offsets":{"head":[0,0.8,12],"root":[0,0,0]}},"base_spec":"/pa/units/commanders/quad_base/quad_base.json","description":"Quadruped Osiris Commander","display_name":"Osiris Commander","headlights":[{"bone":"bone_spine","color":[1.0,1.0,1.0],"far_distance":30.0,"gobo":"/pa/effects/textures/gobo/spotlight_gobo.papa","intensity":6.0,"near_distance":3.0,"near_height":5.0,"near_width":5.0,"offset":[0.0,-1.2,4.3],"orientation":[0.0,45.0,0.0],"shadow_resolution":128}],"lamps":[{"bone":"bone_spine","color":[1.0,1.0,1.0],"intensity":5.0,"offset":[0.0,-1.2,4.3],"radius":2.0},{"bone":"bone_leftShoulder","color":[0.4,1.0,0.01],"intensity":2.0,"offset":[0.025,3.68,-1.0],"radius":4.0}],"mesh_bounds":[5.5,4.356275,6.5],"model":{"filename":"/pa/units/commanders/quad_osiris/quad_osiris.papa"}}