{"TEMP_texelinfo":38.3936,"area_build_separation":3,"atrophy_cool_down":15.0,"atrophy_rate":10.0,"audio":{"loops":{"build":{"cue":"/SE/Construction/Factory_contruction_loop_bot","flag":"build_target_changed","should_start_func":"has_build_target","should_stop_func":"no_build_target"}}},"base_spec":"/pa/units/land/base_structure/base_structure.json","build_metal_cost":600,"buildable_types":"Bot & Mobile & Basic & FactoryBuild","command_caps":["ORDER_Move","ORDER_Patrol","ORDER_FactoryBuild","ORDER_Reclaim","ORDER_Repair","ORDER_Attack","ORDER_Assist","ORDER_Use"],"death":{"decals":["/pa/effects/specs/scorch_c_01.json"]},"description":"!LOC(units:basic_manufacturing_builds_bots.message):Basic manufacturing- Builds bots.","display_name":"!LOC(units:bot_factory.message):Bot Factory","events":{"died":{"effect_scale":0.3}},"factory_cooldown_time":3,"fx_offsets":[{"bone":"socket_muzzle01","filename":"/pa/effects/specs/fab_spray.pfx","offset":[0,0,0],"orientation":[0,0,0],"type":"build"},{"bone":"socket_muzzle02","filename":"/pa/effects/specs/fab_spray.pfx","offset":[0,0,0],"orientation":[0,0,0],"type":"build"}],"headlights":[{"color":[1.5,1.52,1.6],"debug":false,"far_distance":20.0,"gobo":"/pa/effects/textures/gobo/spotlight_gobo.papa","intensity":2.0,"near_distance":5.0,"near_height":12.0,"near_width":12.0,"offset":[-2.4300003,0,3.174],"orientation":[45.0,0.0,0.0]}],"lamps":[{"color":[1.0,1.0,1.0],"intensity":2.0,"offset":[-2.4300003,0,3],"radius":4.0},{"color":[1.0,1.0,1.0],"intensity":2.0,"offset":[-2.4300003,0,3.42],"radius":4.0},{"color":[0.1,1.0,0.1],"intensity":2.0,"offset":[3.7890003,0,2.745],"radius":8.0},{"color":[1.0,0.0,0.0],"intensity":2.0,"offset":[-4.6410003,0,2.9819999],"radius":4.0}],"max_health":6000,"mesh_bounds":[8.85,9.150001,4.56],"model":{"animations":{"build_end":"/pa/units/land/bot_factory/bot_factory_anim_endX.papa","build_loop":"/pa/units/land/bot_factory/bot_factory_anim_buildX.papa","build_start":"/pa/units/land/bot_factory/bot_factory_anim_startX.papa","idle":"/pa/units/land/bot_factory/bot_factory_anim_buildX.papa"},"animtree":"/pa/anim/anim_trees/factory_anim_tree.json","filename":"/pa/units/land/bot_factory/bot_factoryX.papa","skirt_decal":"/pa/effects/specs/skirt_bot.json"},"physics":{"collision_layers":"WL_AnyHorizontalGroundOrWaterSurface"},"placement_size":[9,18],"recon":{"observer":{"items":[{"channel":"sight","layer":"surface_and_air","radius":110,"shape":"capsule"}]}},"rolloff_dirs":[[0,1,0],[0,-1,0]],"tools":[{"aim_bone":"bone_root","spec_id":"/pa/units/land/bot_factory/bot_factory_build_arm.json"}],"unit_types":["UNITTYPE_Factory","UNITTYPE_Construction","UNITTYPE_Land","UNITTYPE_Bot","UNITTYPE_Structure","UNITTYPE_Basic","UNITTYPE_CmdBuild","UNITTYPE_FabBuild","UNITTYPE_FabAdvBuild","UNITTYPE_Important"],"wait_to_rolloff_time":0}