{"TEMP_texelinfo":10.2184,"area_build_separation":18,"atrophy_cool_down":15.0,"atrophy_rate":5.0,"base_spec":"/pa/units/land/base_structure/base_structure.json","build_metal_cost":300,"command_caps":["ORDER_Attack"],"description":"!LOC(units:basic_turret_equipped_with_direct_fire_anti_land_and_anti_ship_defenses.message):Basic turret- Equipped with direct fire anti-land, and anti-ship defenses.","display_name":"!LOC(units:single_laser_defense_tower.message):Single Laser Defense Tower","events":{"build_complete":{"audio_cue":"/SE/Build_Complete/structure_small","effect_scale":0.5},"died":{"audio_cue":"/SE/Death/structure_small","effect_scale":0.275},"fired":{"audio_cue":"/SE/Weapons/structure/laser_defense_single_fire","effect_spec":"/pa/effects/specs/default_muzzle_flash.pfx socket_muzzle","effect_scale":0.5}},"guard_layer":"WL_AnyHorizontalGroundOrWaterSurface","guard_radius":120,"max_health":750,"mesh_bounds":[3.4,2.88279,7.3],"model":[{"animtree":"/pa/anim/anim_trees/defense_turret_single_anim_tree.json","filename":"/pa/units/land/laser_defense_single/laser_defense_singleX.papa","layer":"WL_LandHorizontal","skirt_decal":"/pa/effects/specs/skirt_defense.json"},{"animtree":"/pa/anim/anim_trees/defense_turret_single_anim_tree.json","filename":"/pa/units/sea/floating_laser_single/floating_laser_singleX.papa","layer":"WL_WaterSurface"}],"recon":{"observer":{"items":[{"channel":"sight","layer":"surface_and_air","radius":130,"shape":"capsule"}]}},"spawn_layers":"WL_AnyHorizontalGroundOrWaterSurface","tools":[{"aim_bone":"bone_pitch","muzzle_bone":["socket_muzzle"],"spec_id":"/pa/units/land/laser_defense_single/laser_defense_single_tool_weapon.json"}],"unit_types":["UNITTYPE_Structure","UNITTYPE_Basic","UNITTYPE_Land","UNITTYPE_SurfaceDefense","UNITTYPE_Defense","UNITTYPE_FabBuild","UNITTYPE_CmdBuild","UNITTYPE_CombatFabAdvBuild"]}