{"TEMP_texelinfo":10.6806,"attachable":{"offsets":{"root":[0,0,0]}},"audio":{"selection_response":{"cue":"/SE/Selection/orbital/radar"}},"base_spec":"/pa/units/orbital/base_orbital/base_orbital.json","build_metal_cost":800,"command_caps":["ORDER_Move","ORDER_Patrol","ORDER_Assist"],"consumption":{"energy":300},"description":"!LOC(units:basic_radar_satellite_detects_a_large_area_for_enemy_land_sea_and_air_units.message):Basic radar satellite- Detects a large area for enemy land, sea, and air units.","display_name":"!LOC(units:arkyd.message):ARKYD","energy_efficiency_requirement":0.9,"events":{"build_complete":{"audio_cue":"/SE/Build_Complete/radar"},"died":{"audio_cue":"/SE/Death/radar"},"fired":{"audio_cue":"/SE/Weapons/air/bomber_fire"}},"gravwell_velocity_multiplier":6.0,"max_health":1000,"mesh_bounds":[10,10,7.5],"model":{"animations":{"closed":"/pa/units/orbital/radar_satellite/radar_satellite_anim_closed.papa","deploy":"/pa/units/orbital/radar_satellite/radar_satellite_anim_deploy.papa","open":"/pa/units/orbital/radar_satellite/radar_satellite_anim_open.papa"},"animtree":"/pa/anim/anim_trees/satellite_launched_anim_tree.json","filename":"/pa/units/orbital/radar_satellite/radar_satellite.papa"},"navigation":{"acceleration":15,"brake":15,"hover_time":-1.0,"move_speed":15,"turn_speed":90,"type":"orbital"},"physics":{"gravity_scalar":0.001,"push_class":50,"radius":5},"recon":{"observer":{"items":[{"channel":"radar","layer":"surface_and_air","radius":600,"shape":"capsule","uses_energy":true},{"channel":"sight","layer":"surface_and_air","radius":300,"shape":"capsule","uses_energy":true},{"channel":"radar","layer":"orbital","radius":600,"shape":"capsule","uses_energy":true},{"channel":"sight","layer":"orbital","radius":100,"shape":"capsule","uses_energy":true}]}},"unit_types":["UNITTYPE_Mobile","UNITTYPE_Orbital","UNITTYPE_Basic","UNITTYPE_Recon","UNITTYPE_FactoryBuild"]}