{"TEMP_texelinfo":8.06901,"attachable":{"offsets":{"head":[0,0,1.2900001],"root":[0,0,0]}},"audio":{"loops":{"move":{"cue":"/SE/Movement/veh/tank_inferno_loop","flag":"vel_changed","should_start_func":"is_moving","should_stop_func":"is_not_moving"}},"selection_response":{"cue":"/SE/Selection/veh/tank_inferno"}},"base_spec":"/pa/units/land/base_vehicle/base_vehicle.json","build_metal_cost":225,"description":"!LOC(units:flame_tank_short_ranged_heavy_armored_vehicle.message):Flame tank- Short ranged, heavy armored vehicle.","display_name":"!LOC(units:inferno.message):Inferno","events":{"build_complete":{"audio_cue":"/SE/Build_Complete/veh","effect_scale":0.3},"died":{"audio_cue":"/SE/Death/Veh","effect_scale":0.42000002},"fired":{"audio_cue":"/SE/Weapons/veh/tank_flame","effect_spec":"/pa/units/land/tank_armor/tank_armor_muzzle_flame.pfx socket_muzzle","effect_scale":0.3}},"guard_layer":"WL_LandHorizontal","guard_radius":40,"max_health":1000,"mesh_bounds":[1.6500001,1.8000001,1.2900001],"model":{"animtree":"/pa/anim/anim_trees/tank_armor_anim_tree.json","arrows":5,"filename":"/pa/units/land/tank_armor/tank_armorX.papa"},"navigation":{"acceleration":100,"brake":100,"group_preference":"front","move_speed":10,"turn_speed":180,"type":"land-small"},"physics":{"push_class":80,"radius":1.35},"recon":{"observer":{"items":[{"channel":"sight","layer":"surface_and_air","radius":100,"shape":"capsule"}]}},"scrolling_uv":{"scroll_rate":0.71,"uv_split":0.881},"tools":[{"aim_bone":"bone_turret","muzzle_bone":"socket_muzzle","spec_id":"/pa/units/land/tank_armor/tank_armor_tool_weapon.json"}],"transportable":{"size":1},"unit_types":["UNITTYPE_Tank","UNITTYPE_Heavy","UNITTYPE_Mobile","UNITTYPE_Offense","UNITTYPE_Land","UNITTYPE_Basic","UNITTYPE_FactoryBuild"]}