{"TEMP_texelinfo":22.1895,"audio":{"loops":{"move":{"cue":"/SE/Movement/sea/destroyer_loop","flag":"vel_changed","should_start_func":"is_moving","should_stop_func":"is_not_moving"}}},"base_spec":"/pa/units/sea/base_ship/base_ship.json","build_metal_cost":600,"description":"!LOC(units:destroyer_basic_anti_land_and_anti_ship_guns.message):Destroyer- Basic anti-land and anti-ship guns.","display_name":"!LOC(units:orca.message):Orca","events":{"build_complete":{"audio_cue":"/SE/Build_Complete/sea","effect_scale":0.3},"died":{"audio_cue":"/SE/Death/Sea_large","effect_scale":0.3},"fired0":{"audio_cue":"/SE/Weapons/sea/destroyer_fire","effect_scale":1.5,"effect_spec":"/pa/effects/specs/tank_muzzle_flash.pfx socket_rightMuzzle01 /pa/effects/specs/tank_muzzle_flash.pfx socket_leftMuzzle01"},"fired1":{"audio_cue":"/SE/Weapons/sea/destroyer_fire","effect_scale":1.5,"effect_spec":"/pa/effects/specs/tank_muzzle_flash.pfx socket_rightMuzzle02 /pa/effects/specs/tank_muzzle_flash.pfx socket_leftMuzzle02"}},"guard_layer":"WL_AnySurface","guard_radius":240,"max_health":1000,"mesh_bounds":[2.1000001,11.1,3.6000001],"model":{"animtree":"/pa/anim/anim_trees/destroyer_anim_tree.json","arrows":5,"filename":"/pa/units/sea/destroyer/destroyerX.papa"},"navigation":{"acceleration":60,"brake":60,"move_speed":6,"park_stamp_cost":20,"park_stamp_type":"box","turn_speed":45,"type":"deepwater"},"nearby_target_tick_update_interval":15,"physics":{"push_class":2,"radius":1.8000001,"shape":"sphere"},"recon":{"observer":{"items":[{"channel":"sight","layer":"surface_and_air","radius":150,"shape":"capsule"}]}},"spawn_layers":"WL_DeepWater","tools":[{"aim_bone":"bone_pitch01","fire_event":"fired0","muzzle_bone":"socket_rightMuzzle01","record_index":0,"spec_id":"/pa/units/sea/destroyer/destroyer_tool_weapon.json"},{"aim_bone":"bone_pitch01","fire_event":"fired0","muzzle_bone":"socket_leftMuzzle01","record_index":0,"spec_id":"/pa/units/sea/destroyer/destroyer_tool_weapon.json"},{"aim_bone":"bone_pitch02","fire_event":"fired1","muzzle_bone":"socket_rightMuzzle02","record_index":1,"spec_id":"/pa/units/sea/destroyer/destroyer_tool_weapon.json"},{"aim_bone":"bone_pitch02","fire_event":"fired1","muzzle_bone":"socket_leftMuzzle02","record_index":1,"spec_id":"/pa/units/sea/destroyer/destroyer_tool_weapon.json"},{"aim_bone":"bone_root","show_range":false,"spec_id":"/pa/units/sea/destroyer/destroyer_tool_torpedo.json"}],"unit_types":["UNITTYPE_Naval","UNITTYPE_Mobile","UNITTYPE_Offense","UNITTYPE_Basic","UNITTYPE_FactoryBuild"]}