{"TEMP_texelinfo":15.8224,"area_build_type":"Line","atrophy_cool_down":15.0,"atrophy_rate":7.5,"audio":{"selection_response":{"cue":"/SE/Selection/structure/energy"}},"base_spec":"/pa/units/land/base_structure/base_structure.json","build_metal_cost":450,"description":"!LOC(units:basic_manufacturing_produces_energy.message):Basic manufacturing- Produces energy.","display_name":"!LOC(units:energy_plant.message):Energy Plant","events":{"build_complete":{"audio_cue":"/SE/Build_Complete/energy","effect_scale":0.3},"died":{"audio_cue":"/SE/Death/Factory","effect_scale":0.15}},"fx_offsets":[{"filename":"/pa/units/land/energy_plant/energy_plant_idle.pfx","offset":[0,0,1.5],"type":"idle"}],"headlights":[{"color":[1.0,1.0,1.0],"far_distance":15.0,"gobo":"/pa/effects/textures/gobo/spotlight_gobo.papa","intensity":1.0,"near_distance":2.5,"near_height":5.5,"near_width":5.5,"offset":[1.575,0,2.025],"orientation":[35.0,0.0,0.0]},{"color":[1.0,1.0,1.0],"far_distance":15.0,"gobo":"/pa/effects/textures/gobo/spotlight_gobo.papa","intensity":1.0,"near_distance":2.5,"near_height":5.5,"near_width":5.5,"offset":[-1.575,0,2.025],"orientation":[-35.0,0.0,0.0]},{"color":[1.0,1.0,1.0],"far_distance":15.0,"gobo":"/pa/effects/textures/gobo/spotlight_gobo.papa","intensity":1.0,"near_distance":2.5,"near_height":5.5,"near_width":5.5,"offset":[0,-1.575,2.025],"orientation":[0.0,35.0,0.0]}],"lamps":[{"color":[1.0,1.0,1.0],"intensity":2.0,"offset":[1.575,0,2.025],"radius":2.0},{"color":[1.0,1.0,1.0],"intensity":2.0,"offset":[-1.575,0,2.025],"radius":2.0},{"color":[1.0,1.0,1.0],"intensity":2.0,"offset":[0,-1.575,2.025],"radius":2.0},{"bone":"bone_rotor","color":[1.0,1.0,1.0],"intensity":1.0,"offset":[0,-0.813,0.33],"radius":3.0},{"bone":"bone_rotor","color":[1.0,1.0,1.0],"intensity":1.0,"offset":[-0.73200005,0.40200004,0.33],"radius":3.0},{"bone":"bone_rotor","color":[1.0,1.0,1.0],"intensity":1.0,"offset":[0.73200005,0.40200004,0.33],"radius":3.0}],"max_health":3000,"mesh_bounds":[3,3,3.39],"model":[{"animations":{"idle":"/pa/units/land/energy_plant/energy_plant_anim_workX.papa"},"animtree":"/pa/anim/anim_trees/constant_idle_anim_tree.json","filename":"/pa/units/land/energy_plant/energy_plantX.papa","layer":"WL_LandHorizontal","skirt_decal":"/pa/effects/specs/skirt_energy.json"},{"animations":{"idle":"/pa/units/land/energy_plant/energy_plant_anim_workX.papa"},"animtree":"/pa/anim/anim_trees/constant_idle_anim_tree.json","filename":"/pa/units/sea/sea_energy_plant/sea_energy_plantX.papa","layer":"WL_WaterSurface"}],"placement_size":[3.6000001,3.6000001],"production":{"energy":600},"recon":{"observer":{"items":[{"channel":"sight","layer":"surface_and_air","radius":100,"shape":"capsule"}]}},"spawn_layers":"WL_AnyHorizontalGroundOrWaterSurface","unit_types":["UNITTYPE_Structure","UNITTYPE_EnergyProduction","UNITTYPE_Basic","UNITTYPE_CmdBuild","UNITTYPE_FabBuild","UNITTYPE_Economy"]}