{"TEMP_texelinfo":26.6522,"atrophy_cool_down":15.0,"atrophy_rate":240.0,"audio":{"selection_response":{"cue":"/SE/Selection/structure/artillery"}},"base_spec":"/pa/units/land/base_structure/base_structure.json","build_metal_cost":14400,"command_caps":["ORDER_Attack"],"description":"!LOC(units:advanced_artillery_equipped_with_long_range_anti_land_and_anti_ship_gun.message):Advanced artillery- Equipped with long range anti-land, and anti-ship gun.","display_name":"!LOC(units:holkins.message):Holkins","events":{"build_complete":{"audio_cue":"/SE/Build_Complete/structure_small","effect_scale":0.3},"died":{"audio_cue":"/SE/Death/structure_small","effect_scale":0.3},"fired":{"audio_cue":"/SE/Weapons/structure/artillery_long_fire","effect_spec":"/pa/effects/specs/tank_muzzle_flash.pfx socket_muzzle /pa/effects/specs/artillery_muzzle_ground.pfx","effect_scale":0.3}},"guard_layer":"WL_AnySurface","guard_radius":610,"lamps":[{"bone":"bone_pitch","color":[1.0,1.0,1.0],"intensity":2.0,"offset":[0,-3.3630002,1.1070001],"radius":4.0}],"max_health":1500,"mesh_bounds":[3.9,9.24,4.51128],"model":[{"animations":{"aim_up":"/pa/units/land/artillery_long/artillery_long_anim_aimUpX.papa"},"animtree":"/pa/anim/anim_trees/artillery_building_long_anim_tree.json","filename":"/pa/units/land/artillery_long/artillery_longX.papa","layer":"WL_LandHorizontal","skirt_decal":"/pa/effects/specs/skirt_artillery_long.json"},{"animations":{"aim_up":"/pa/units/land/artillery_long/artillery_long_anim_aimUpX.papa"},"animtree":"/pa/anim/anim_trees/artillery_building_long_anim_tree.json","filename":"/pa/units/sea/artillery_long/artillery_longX.papa","layer":"WL_WaterSurface"}],"nearby_target_tick_update_interval":30,"recon":{"observer":{"items":[{"channel":"sight","layer":"surface_and_air","radius":100,"shape":"capsule"}]}},"spawn_layers":"WL_AnyHorizontalGroundOrWaterSurface","tools":[{"aim_bone":"socket_aim","muzzle_bone":"socket_muzzle","spec_id":"/pa/units/land/artillery_long/artillery_long_tool_weapon.json"}],"unit_types":["UNITTYPE_Land","UNITTYPE_Structure","UNITTYPE_Defense","UNITTYPE_Artillery","UNITTYPE_Advanced","UNITTYPE_FabAdvBuild","UNITTYPE_Important"]}