{"TEMP_texelinfo":4.07719,"attachable":{"offsets":{"head":[0,0,2],"root":[0,0,0]}},"audio":{"loops":{"move":{"cue":"/SE/Movement/bot/grenadier_loop","flag":"vel_changed","should_start_func":"is_moving","should_stop_func":"is_not_moving"}},"selection_response":{"cue":"/SE/Selection/bot/grenadier"}},"base_spec":"/pa/units/land/base_bot/base_bot.json","build_metal_cost":120,"description":"!LOC(units:grenadier_basic_assault_weapons_dealing_area_effect_damage.message):Grenadier- Basic assault weapons dealing area effect damage.","display_name":"!LOC(units:grenadier.message):Grenadier","events":{"build_complete":{"audio_cue":"/SE/Build_Complete/bot","effect_scale":0.5},"died":{"audio_cue":"/SE/Death/Bot","effect_scale":0.5},"fired":{"audio_cue":"/SE/Weapons/bot/grenadier_fire","effect_spec":"/pa/effects/specs/default_small_muzzle_flash.pfx socket_rightMuzzle /pa/effects/specs/default_small_muzzle_flash.pfx socket_leftMuzzle","effect_scale":0.5}},"guard_layer":"WL_AnySurface","guard_radius":90,"max_health":80,"mesh_bounds":[2.5,2.5,2.35],"model":{"animations":{"death01":"/pa/units/land/bot_grenadier/bot_grenadier_anim_deathX.papa","idle":"/pa/units/land/bot_grenadier/bot_grenadier_anim_idleX.papa","walk":"/pa/units/land/bot_grenadier/bot_grenadier_anim_runX.papa"},"animtree":"/pa/anim/anim_trees/bot_grenadier_anim_tree.json","filename":"/pa/units/land/bot_grenadier/bot_grenadierX.papa","walk_speed":12},"navigation":{"acceleration":120,"brake":120,"move_speed":12,"turn_speed":720,"type":"land-small"},"physics":{"push_class":2,"radius":1},"recon":{"observer":{"items":[{"channel":"sight","layer":"surface_and_air","radius":85,"shape":"capsule"}]}},"tools":[{"aim_bone":"bone_leftRecoil","muzzle_bone":"socket_leftMuzzle","spec_id":"/pa/units/land/bot_grenadier/bot_grenadier_tool_weapon.json"},{"aim_bone":"bone_rightRecoil","muzzle_bone":"socket_rightMuzzle","spec_id":"/pa/units/land/bot_grenadier/bot_grenadier_tool_weapon.json"}],"transportable":{"size":1},"unit_types":["UNITTYPE_Bot","UNITTYPE_Mobile","UNITTYPE_Offense","UNITTYPE_Artillery","UNITTYPE_Land","UNITTYPE_Basic","UNITTYPE_FactoryBuild"]}