{"TEMP_texelinfo":46.4947,"atrophy_cool_down":15.0,"atrophy_rate":5,"audio":{"selection_response":{"cue":"/SE/Selection/structure/radar"}},"base_spec":"/pa/units/land/base_structure/base_structure.json","build_metal_cost":300,"consumption":{"energy":150},"description":"!LOC(units:orbital_and_deepspace_radar_orbital_and_celestial_radar_telemetry.message):Orbital and deepspace radar- Orbital and Celestial radar telemetry.","display_name":"!LOC(units:orbital_and_deepspace_radar.message):Orbital and Deepspace Radar","energy_efficiency_requirement":0.9,"events":{"build_complete":{"audio_cue":"/SE/Build_Complete/radar","effect_scale":0.5},"died":{"audio_cue":"/SE/Death/radar","effect_scale":0.625}},"max_health":750,"mesh_bounds":[14.5,14.5,7.6],"model":[{"animations":{"end":"/pa/units/orbital/deep_space_radar/deep_space_radar_anim_endX.papa","loop":"/pa/units/orbital/deep_space_radar/deep_space_radar_anim_loopX.papa","start":"/pa/units/orbital/deep_space_radar/deep_space_radar_anim_startX.papa"},"animtree":"/pa/anim/anim_trees/powered_loop_anim_tree.json","filename":"/pa/units/orbital/deep_space_radar/deep_space_radarX.papa","layer":"WL_LandHorizontal","skirt_decal":"/pa/effects/specs/skirt_orbital_radar.json"},{"animations":{"end":"/pa/units/orbital/deep_space_radar/deep_space_radar_anim_endX.papa","loop":"/pa/units/orbital/deep_space_radar/deep_space_radar_anim_loopX.papa","start":"/pa/units/orbital/deep_space_radar/deep_space_radar_anim_startX.papa"},"animtree":"/pa/anim/anim_trees/powered_loop_anim_tree.json","filename":"/pa/units/sea/deep_space_radar/deep_space_radarX.papa","layer":"WL_WaterSurface"}],"physics":{"collision_layers":"WL_AnySurface"},"recon":{"observer":{"items":[{"channel":"sight","layer":"surface_and_air","radius":70,"shape":"capsule"},{"channel":"sight","layer":"celestial","radius":1,"shape":"sphere","uses_energy":true},{"channel":"radar","layer":"orbital","radius":300,"shape":"capsule","uses_energy":true}]}},"spawn_layers":"WL_AnySurface","unit_types":["UNITTYPE_Orbital","UNITTYPE_Structure","UNITTYPE_Advanced","UNITTYPE_Recon","UNITTYPE_FabBuild","UNITTYPE_FabAdvBuild","UNITTYPE_Important"]}