{"TEMP_texelinfo":21.7597,"area_build_separation":100,"area_build_type":"Sphere","atrophy_cool_down":15,"atrophy_rate":200,"audio":{"loops":{"build":{"cue":"/SE/Construction/Factory_contruction_loop_antinuke","flag":"build_target_changed","should_start_func":"has_build_target","should_stop_func":"no_build_target"}},"selection_response":{"cue":"/SE/Selection/structure/anti_nuke"}},"base_spec":"/pa/units/land/base_structure/base_structure.json","build_metal_cost":12000,"buildable_projectiles":["/pa/units/land/anti_nuke_launcher/anti_nuke_launcher_ammo.json"],"command_caps":["ORDER_FactoryBuild"],"description":"!LOC(units:anti_nuke_launcher_equipped_with_advanced_anti_nuclear_missile_weapon.message):Anti-nuke launcher- Equipped with advanced anti-nuclear missile weapon.","display_name":"!LOC(units:anti_nuke_launcher.message):Anti-Nuke Launcher","events":{"build_complete":{"audio_cue":"/SE/Build_Complete/factory","effect_scale":0.3},"died":{"audio_cue":"/SE/Death/Factory","effect_spec":"/pa/effects/specs/default_building_explosion.pfx","effect_scale":0.3},"fired":{"audio_cue":"/SE/Weapons/structure/anti_nuke_launcher_fire","effect_scale":0.3}},"factory":{"default_build_stance":"Continuous","initial_build_spec":"/pa/units/land/anti_nuke_launcher/anti_nuke_launcher_ammo.json","spawn_points":["socket_missile01","socket_missile02","socket_missile03"],"store_units":true},"factory_cooldown_time":5,"fx_offsets":[{"bone":"bone_rightWrist","filename":"/pa/effects/specs/fab_spray.pfx","offset":[0.3,0,0],"orientation":[0,0,-90],"type":"build"},{"bone":"bone_leftWrist","filename":"/pa/effects/specs/fab_spray.pfx","offset":[0.3,0,0],"orientation":[0,0,-90],"type":"build"}],"lamps":[{"bone":"bone_rightShoulder","color":[0.1,1,0.1],"intensity":5,"offset":[0.492,-0.21000001,-0.261],"radius":3},{"bone":"bone_leftShoulder","color":[0.1,1,0.1],"intensity":5,"offset":[0.492,-0.21000001,0.261],"radius":3}],"max_health":3500,"mesh_bounds":[5.55,5.8500004,4.5],"model":[{"animations":{"build_end_1":"/pa/units/land/anti_nuke_launcher/anti_nuke_launcher_anim_buildEnd01X.papa","build_end_2":"/pa/units/land/anti_nuke_launcher/anti_nuke_launcher_anim_buildEnd02X.papa","build_end_3":"/pa/units/land/anti_nuke_launcher/anti_nuke_launcher_anim_buildEnd03X.papa","build_loop_1":"/pa/units/land/anti_nuke_launcher/anti_nuke_launcher_anim_buildLoop01X.papa","build_loop_2":"/pa/units/land/anti_nuke_launcher/anti_nuke_launcher_anim_buildLoop02X.papa","build_loop_3":"/pa/units/land/anti_nuke_launcher/anti_nuke_launcher_anim_buildLoop03X.papa","build_start_1":"/pa/units/land/anti_nuke_launcher/anti_nuke_launcher_anim_buildStart01X.papa","build_start_2":"/pa/units/land/anti_nuke_launcher/anti_nuke_launcher_anim_buildStart02X.papa","build_start_3":"/pa/units/land/anti_nuke_launcher/anti_nuke_launcher_anim_buildStart03X.papa","idle":"/pa/units/land/anti_nuke_launcher/anti_nuke_launcher_anim_idleX.papa"},"animtree":"/pa/anim/anim_trees/anti_nuke_anim_tree.json","filename":"/pa/units/land/anti_nuke_launcher/anti_nuke_launcherX.papa","layer":"WL_LandHorizontal","skirt_decal":"/pa/effects/specs/skirt_antinuke.json"},{"animations":{"build_end_1":"/pa/units/land/anti_nuke_launcher/anti_nuke_launcher_anim_buildEnd01X.papa","build_end_2":"/pa/units/land/anti_nuke_launcher/anti_nuke_launcher_anim_buildEnd02X.papa","build_end_3":"/pa/units/land/anti_nuke_launcher/anti_nuke_launcher_anim_buildEnd03X.papa","build_loop_1":"/pa/units/land/anti_nuke_launcher/anti_nuke_launcher_anim_buildLoop01X.papa","build_loop_2":"/pa/units/land/anti_nuke_launcher/anti_nuke_launcher_anim_buildLoop02X.papa","build_loop_3":"/pa/units/land/anti_nuke_launcher/anti_nuke_launcher_anim_buildLoop03X.papa","build_start_1":"/pa/units/land/anti_nuke_launcher/anti_nuke_launcher_anim_buildStart01X.papa","build_start_2":"/pa/units/land/anti_nuke_launcher/anti_nuke_launcher_anim_buildStart02X.papa","build_start_3":"/pa/units/land/anti_nuke_launcher/anti_nuke_launcher_anim_buildStart03X.papa"},"animtree":"/pa/anim/anim_trees/anti_nuke_anim_tree.json","filename":"/pa/units/sea/anti_nuke_launcher/anti_nuke_launcherX.papa","layer":"WL_WaterSurface"}],"recon":{"observer":{"items":[{"channel":"sight","layer":"surface_and_air","radius":100,"shape":"capsule"},{"channel":"radar","layer":"surface_and_air","radius":310,"shape":"capsule"}]}},"spawn_layers":"WL_AnyHorizontalGroundOrWaterSurface","tools":[{"aim_bone":"bone_root","spec_id":"/pa/units/land/anti_nuke_launcher/anti_nuke_launcher_build_arm.json"},{"aim_bone":"bone_root","muzzle_bone":"bone_root","spec_id":"/pa/units/land/anti_nuke_launcher/anti_nuke_launcher_tool_weapon.json"}],"unit_types":["UNITTYPE_Land","UNITTYPE_Structure","UNITTYPE_Defense","UNITTYPE_NukeDefense","UNITTYPE_Advanced","UNITTYPE_Factory","UNITTYPE_FabAdvBuild","UNITTYPE_Important"]}