{"TEMP_texelinfo":10.4837,"attachable":{"offsets":{"root":[0,0,0]}},"audio":{"loops":{"move":{"cue":"/SE/Movement/air/air_transport_loop","flag":"vel_changed","should_start_func":"is_moving","should_stop_func":"is_not_moving"}},"selection_response":{"cue":"/SE/Selection/air/transport"}},"base_spec":"/pa/units/air/base_flyer/base_flyer.json","build_metal_cost":45,"command_caps":["ORDER_Move","ORDER_Patrol","ORDER_Assist","ORDER_Load","ORDER_Unload"],"description":"!LOC(units:air_transport_load_a_land_unit_for_rapid_long_distance_travel.message):Air Transport- Load a land unit for rapid long distance travel.","display_name":"!LOC(units:pelican.message):Pelican","events":{"build_complete":{"audio_cue":"/SE/Build_Complete/air","effect_scale":0.5},"child_attached":{"audio_cue":"/SE/Movement/air/transport_load","effect_scale":0.5},"child_detached":{"audio_cue":"/SE/Movement/air/transport_unload","effect_scale":0.5},"died":{"audio_cue":"/SE/Death/Air","effect_scale":0.25}},"fx_offsets":[{"bone":"bone_leftWing","filename":"/pa/units/air/fabrication_aircraft/fabrication_aircraft_jets.pfx","offset":[0,0,-0.843],"orientation":[0,90,0],"type":"idle"},{"bone":"bone_rightWing","filename":"/pa/units/air/fabrication_aircraft/fabrication_aircraft_jets.pfx","offset":[0,0,-0.843],"orientation":[0,90,0],"type":"idle"},{"bone":"bone_turret","filename":"/pa/units/air/transport/transport_jets.pfx","offset":[0,0.709,0.25],"type":"moving_forward"}],"max_health":90,"mesh_bounds":[6.75,6.75,2.35],"model":{"animations":{"fly":"/pa/units/air/transport/transport_anim_flyX.papa"},"animtree":"/pa/anim/anim_trees/transport_anim_tree.json","filename":"/pa/units/air/transport/transportX.papa"},"navigation":{"acceleration":45,"brake":45,"hover_time":-1.0,"move_speed":90,"turn_speed":180,"type":"air","vertical_speed":100},"physics":{"gravity_scalar":0.001,"push_class":15,"radius":2.5},"recon":{"observer":{"items":[{"channel":"sight","layer":"surface_and_air","radius":70,"shape":"capsule"}]}},"transporter":{"capacity":1,"transportable_attach_offset":"head","transporter_attach_bone":"bone_payload"},"unit_types":["UNITTYPE_Air","UNITTYPE_Mobile","UNITTYPE_Transport","UNITTYPE_Advanced","UNITTYPE_FactoryBuild"],"usable":true,"useable":{"range":10,"type":"transport"}}