{"TEMP_texelinfo":5.47132,"attachable":{"offsets":{"head":[0,-0.33,2.76],"root":[0,0,0]}},"audio":{"loops":{"move":{"cue":"/SE/Movement/bot/tactical_missile_bot","flag":"vel_changed","should_start_func":"is_moving","should_stop_func":"is_not_moving"}},"selection_response":{"cue":"/SE/Selection/bot/tactical_missile_bot"}},"base_spec":"/pa/units/land/base_vehicle/base_vehicle.json","build_metal_cost":1200,"description":"!LOC(units:tactical_missile_bot_medium_range_advanced_artillery_bot.message):Tactical missile bot- Medium range advanced artillery bot.","display_name":"!LOC(units:bluehawk.message):Bluehawk","events":{"build_complete":{"audio_cue":"/SE/Build_Complete/bot","effect_scale":0.3},"died":{"audio_cue":"/SE/Death/bot","effect_scale":0.45000002},"fired":{"audio_cue":"/SE/Weapons/bot/bot_tactical_missile_fire","effect_spec":"/pa/effects/specs/default_muzzle_flash.pfx socket_leftMuzzle /pa/effects/specs/default_muzzle_flash.pfx socket_rightMuzzle","effect_scale":0.3}},"guard_layer":"WL_AnySurface","guard_radius":180,"max_health":200,"mesh_bounds":[2.46,2.1000001,2.88],"model":{"animations":{"death01":"/pa/units/land/bot_tactical_missile/bot_tactical_missile_anim_death01X.papa","fire":"/pa/units/land/bot_tactical_missile/bot_tactical_missile_anim_fireX.papa","idle":"/pa/units/land/bot_tactical_missile/bot_tactical_missile_anim_idleX.papa","run":"/pa/units/land/bot_tactical_missile/bot_tactical_missile_anim_runX.papa"},"animtree":"/pa/anim/anim_trees/bot_tactical_missile_anim_tree.json","filename":"/pa/units/land/bot_tactical_missile/bot_tactical_missileX.papa","walk_speed":12},"navigation":{"acceleration":120,"brake":120,"group_preference":"back","move_speed":12,"turn_speed":720,"type":"land-small"},"nearby_target_tick_update_interval":3,"physics":{"push_class":2,"radius":1.0500001},"recon":{"observer":{"items":[{"channel":"sight","layer":"surface_and_air","radius":100,"shape":"capsule"}]}},"tools":[{"aim_bone":"socket_rightMuzzle","muzzle_bone":["socket_rightMuzzle","socket_leftMuzzle"],"spec_id":"/pa/units/land/bot_tactical_missile/bot_tactical_missile_tool_weapon.json"}],"transportable":{"size":1},"unit_types":["UNITTYPE_Bot","UNITTYPE_Mobile","UNITTYPE_Offense","UNITTYPE_Land","UNITTYPE_Tactical","UNITTYPE_Advanced","UNITTYPE_FactoryBuild"]}