{"TEMP_texelinfo":10.4258,"audio":{"loops":{"move":{"cue":"/SE/Movement/air/air_bomber_loop","flag":"vel_changed","should_start_func":"is_moving","should_stop_func":"is_not_moving"}},"selection_response":{"cue":"/SE/Selection/air/bomber"}},"base_spec":"/pa/units/air/base_flyer/base_flyer.json","build_metal_cost":240,"description":"!LOC(units:bomber_equipped_with_basic_anti_land_and_anti_naval_bombs.message):Bomber- Equipped with basic anti-land and anti-naval bombs.","display_name":"!LOC(units:bumblebee.message):Bumblebee","events":{"build_complete":{"audio_cue":"/SE/Build_Complete/air","effect_scale":0.5},"died":{"audio_cue":"/SE/Death/Air","effect_scale":0.375},"fired":{"audio_cue":"/SE/Weapons/air/bomber_fire","effect_scale":0.5}},"fx_offsets":[{"filename":"/pa/units/air/bomber/bomber_jets.pfx","offset":[0,1.16,0.6965],"type":"moving_forward"}],"guard_layer":"WL_AnySurface","guard_radius":100,"max_health":100,"mesh_bounds":[7,3.75,1.3],"model":{"arrows":5,"filename":"/pa/units/air/bomber/bomberX.papa"},"navigation":{"acceleration":75,"aggressive_distance":50.0,"aggressive_height":100.0,"brake":20,"dodge_multiplier":0.0,"dodge_radius":0,"move_speed":75,"turn_speed":75,"type":"air","wobble_factor":0.05,"wobble_speed":0.1},"physics":{"air_friction":1.0,"allow_pushing":false,"gravity_scalar":1,"push_class":2,"push_sideways":false,"radius":3},"recon":{"observer":{"items":[{"channel":"sight","layer":"surface_and_air","radius":200,"shape":"capsule"}]}},"tools":[{"aim_bone":"bone_root","muzzle_bone":"bone_root","spec_id":"/pa/units/air/bomber/bomber_tool_weapon.json"}],"unit_types":["UNITTYPE_Bomber","UNITTYPE_Mobile","UNITTYPE_Offense","UNITTYPE_Air","UNITTYPE_Basic","UNITTYPE_FactoryBuild"]}