{"TEMP_texelinfo":37.6046,"area_build_separation":3,"atrophy_cool_down":15.0,"atrophy_rate":12.0,"audio":{"loops":{"build":{"cue":"/SE/Construction/Factory_contruction_loop_air","flag":"build_target_changed","should_start_func":"has_build_target","should_stop_func":"no_build_target"}}},"base_spec":"/pa/units/land/base_structure/base_structure.json","build_metal_cost":720,"buildable_types":"(Air & Mobile & Basic | Air & Fabber & Basic & Mobile) & FactoryBuild","command_caps":["ORDER_Move","ORDER_Patrol","ORDER_FactoryBuild","ORDER_Reclaim","ORDER_Repair","ORDER_Attack","ORDER_Assist"],"death":{"decals":["/pa/effects/specs/scorch_c_01.json"]},"description":"!LOC(units:basic_manufacturing_builds_air_units.message):Basic manufacturing- Builds air units.","display_name":"!LOC(units:air_factory.message):Air Factory","events":{"died":{"effect_scale":0.3}},"factory_cooldown_time":2,"fx_offsets":[{"bone":"bone_outsideRing","filename":"/pa/effects/specs/fab_spray.pfx","offset":[-1.9350001,1.9350001,0],"orientation":[0,0,-45],"type":"build"},{"bone":"bone_outsideRing","filename":"/pa/effects/specs/fab_spray.pfx","offset":[1.9350001,1.9350001,0],"orientation":[0,0,45],"type":"build"},{"bone":"bone_outsideRing","filename":"/pa/effects/specs/fab_spray.pfx","offset":[1.9350001,-1.9350001,0],"orientation":[0,0,135],"type":"build"},{"bone":"bone_outsideRing","filename":"/pa/effects/specs/fab_spray.pfx","offset":[-1.9350001,-1.9350001,0],"orientation":[0,0,-135],"type":"build"}],"headlights":[{"bone":"bone_platform","color":[1.5,1.52,1.6],"far_distance":15.0,"gobo":"/pa/effects/textures/gobo/spotlight_gobo.papa","intensity":3.0,"near_distance":1.0,"near_height":2.4,"near_width":2.4,"offset":[1.7010001,1.7010001,0.75],"orientation":[-35.0,31.0,0.0]},{"bone":"bone_platform","color":[1.5,1.52,1.6],"far_distance":15.0,"gobo":"/pa/effects/textures/gobo/spotlight_gobo.papa","intensity":3.0,"near_distance":1.0,"near_height":2.4,"near_width":2.4,"offset":[1.7010001,-1.7010001,0.75],"orientation":[-35.0,-31.0,0.0]},{"bone":"bone_platform","color":[1.5,1.52,1.6],"far_distance":15.0,"gobo":"/pa/effects/textures/gobo/spotlight_gobo.papa","intensity":3.0,"near_distance":1.0,"near_height":2.4,"near_width":2.4,"offset":[-1.7010001,1.7010001,0.75],"orientation":[35.0,31.0,0.0]},{"bone":"bone_platform","color":[1.5,1.52,1.6],"far_distance":15.0,"gobo":"/pa/effects/textures/gobo/spotlight_gobo.papa","intensity":3.0,"near_distance":1.0,"near_height":2.4,"near_width":2.4,"offset":[-1.7010001,-1.7010001,0.75],"orientation":[35.0,-31.0,0.0]}],"lamps":[{"color":[0.1,1.0,0.1],"intensity":2.0,"offset":[1.2,-3.3300002,1.8000001],"radius":8.0},{"color":[0.1,1.0,0.1],"intensity":2.0,"offset":[-1.2,-3.3300002,1.8000001],"radius":8.0},{"color":[1.0,0.0,0.0],"intensity":2.0,"offset":[1.5,4.236,1.362],"radius":4.0}],"max_health":6000,"mesh_bounds":[9,9,4.5],"model":[{"animations":{"build_end":"/pa/units/air/air_factory/air_factory_anim_endX.papa","build_loop":"/pa/units/air/air_factory/air_factory_anim_buildX.papa","build_start":"/pa/units/air/air_factory/air_factory_anim_startX.papa"},"animtree":"/pa/anim/anim_trees/factory_anim_tree.json","filename":"/pa/units/air/air_factory/air_factoryX.papa","layer":"WL_LandHorizontal","skirt_decal":"/pa/effects/specs/skirt_air.json"},{"animations":{"build_end":"/pa/units/air/air_factory/air_factory_anim_endX.papa","build_loop":"/pa/units/air/air_factory/air_factory_anim_buildX.papa","build_start":"/pa/units/air/air_factory/air_factory_anim_startX.papa"},"animtree":"/pa/anim/anim_trees/factory_anim_tree.json","filename":"/pa/units/sea/air_factory/air_factoryX.papa","layer":"WL_WaterSurface"}],"physics":{"collision_layers":"WL_AnyHorizontalGroundOrWaterSurface"},"placement_size":[9,9],"recon":{"observer":{"items":[{"channel":"sight","layer":"surface_and_air","radius":100,"shape":"capsule"}]}},"rolloff_dirs":[[1,0,0],[-1,0,0],[0,1,0],[0,-1,0]],"spawn_layers":"WL_AnyHorizontalGroundOrWaterSurface","tools":[{"aim_bone":"bone_root","spec_id":"/pa/units/air/air_factory/air_factory_build_arm.json"}],"unit_types":["UNITTYPE_Factory","UNITTYPE_Construction","UNITTYPE_Air","UNITTYPE_Structure","UNITTYPE_Basic","UNITTYPE_CmdBuild","UNITTYPE_FabBuild","UNITTYPE_FabAdvBuild","UNITTYPE_Important"],"wait_to_rolloff_time":0}