{"TEMP_texelinfo":26.4567,"area_build_type":"Sphere","atrophy_cool_down":15.0,"atrophy_rate":7.5,"audio":{"selection_response":{"cue":"/SE/Selection/structure/energy"}},"base_spec":"/pa/units/land/base_structure/base_structure.json","build_metal_cost":450,"description":"!LOC(units:manufacturing_increases_maximum_energy_storage_capacity.message):Manufacturing- Increases maximum energy storage capacity.","display_name":"!LOC(units:energy_storage.message):Energy Storage","events":{"build_complete":{"audio_cue":"/SE/Build_Complete/energy","effect_scale":0.5},"died":{"audio_cue":"/SE/Death/Factory","effect_scale":0.4}},"headlights":[{"color":[1.0,1.0,1.0],"far_distance":25.0,"gobo":"/pa/effects/textures/gobo/spotlight_gobo.papa","intensity":1.0,"near_distance":2.5,"near_height":5.5,"near_width":5.5,"offset":[3.1,3.1,4.3],"orientation":[26.33,-23.93,-50.68]},{"color":[1.0,1.0,1.0],"far_distance":25.0,"gobo":"/pa/effects/textures/gobo/spotlight_gobo.papa","intensity":1.0,"near_distance":2.5,"near_height":5.5,"near_width":5.5,"offset":[-3.1,3.1,4.3],"orientation":[-26.34,-23.93,50.67]},{"color":[1.0,1.0,1.0],"far_distance":25.0,"gobo":"/pa/effects/textures/gobo/spotlight_gobo.papa","intensity":1.0,"near_distance":2.5,"near_height":5.5,"near_width":5.5,"offset":[3.1,-3.1,4.3],"orientation":[26.33,23.92,-129.32]},{"color":[1.0,1.0,1.0],"far_distance":25.0,"gobo":"/pa/effects/textures/gobo/spotlight_gobo.papa","intensity":1.0,"near_distance":2.5,"near_height":5.5,"near_width":5.5,"offset":[-3.1,-3.1,4.3],"orientation":[-26.34,23.92,129.31]}],"lamps":[{"color":[1.0,1.0,1.0],"intensity":1.0,"offset":[3.1,3.1,4.3],"radius":3.0},{"color":[1.0,1.0,1.0],"intensity":1.0,"offset":[-3.1,3.1,4.3],"radius":3.0},{"color":[1.0,1.0,1.0],"intensity":1.0,"offset":[3.1,-3.1,4.3],"radius":3.0},{"color":[1.0,1.0,1.0],"intensity":1.0,"offset":[-3.1,-3.1,4.3],"radius":3.0}],"max_health":7500,"mesh_bounds":[9.5,10,7.1],"model":[{"filename":"/pa/units/land/energy_storage/energy_storageX.papa","layer":"WL_LandHorizontal","skirt_decal":"/pa/effects/specs/skirt_energy_adv.json"},{"filename":"/pa/units/sea/sea_energy_storage/sea_energy_storageX.papa","layer":"WL_WaterSurface"}],"recon":{"observer":{"items":[{"channel":"sight","layer":"surface_and_air","radius":100,"shape":"capsule"}]}},"spawn_layers":"WL_AnyHorizontalGroundOrWaterSurface","storage":{"energy":100000},"unit_types":["UNITTYPE_Structure","UNITTYPE_Basic","UNITTYPE_CmdBuild","UNITTYPE_FabBuild","UNITTYPE_FabAdvBuild","UNITTYPE_Economy"]}