{"TEMP_texelinfo":15.0973,"area_build_type":"Sphere","atrophy_cool_down":15.0,"atrophy_rate":2.5,"audio":{"selection_response":{"cue":"/SE/Selection/structure/metal"}},"base_spec":"/pa/units/land/base_structure/base_structure.json","build_metal_cost":150,"consumption":{"energy":0},"description":"!LOC(units:basic_manufacturing_produces_metal_can_only_be_placed_on_metal_deposits.message):Basic manufacturing- Produces metal, can only be placed on metal deposits.","display_name":"!LOC(units:metal_extractor.message):Metal Extractor","events":{"build_complete":{"audio_cue":"/SE/Build_Complete/metal","effect_scale":0.3},"died":{"audio_cue":"/SE/Death/Factory","effect_scale":0.22500001}},"feature_requirements":["metal_spot"],"lamps":[{"color":[1.0,1.0,1.0],"intensity":1.0,"offset":[-0.21600002,-0.5766,1.9545001],"radius":2.0}],"max_health":1000,"mesh_bounds":[2.76,3.0122101,7.05],"model":[{"animations":{"idle":"/pa/units/land/metal_extractor/metal_extractor_anim_workX.papa"},"animtree":"/pa/anim/anim_trees/simple_building_anim_tree.json","filename":"/pa/units/land/metal_extractor/metal_extractorX.papa","layer":"WL_LandHorizontal"},{"animations":{"idle":"/pa/units/sea/sea_metal_extractor/sea_metal_extractor_anim_workX.papa"},"animtree":"/pa/anim/anim_trees/simple_building_anim_tree.json","filename":"/pa/units/sea/sea_metal_extractor/sea_metal_extractorX.papa","layer":"WL_WaterSurface"}],"placement_size":[6,4.8],"production":{"metal":7},"recon":{"observer":{"items":[{"channel":"sight","layer":"surface_and_air","radius":100,"shape":"capsule"}]}},"replaceable_units":["/pa/units/land/metal_extractor_adv/metal_extractor_adv.json"],"spawn_layers":"WL_AnyHorizontalGroundOrWaterSurface","unit_types":["UNITTYPE_Structure","UNITTYPE_Basic","UNITTYPE_MetalProduction","UNITTYPE_CmdBuild","UNITTYPE_FabBuild","UNITTYPE_Economy"]}