{"TEMP_texelinfo":2.37699,"base_spec":"/pa/units/land/base_structure/base_structure.json","build_metal_cost":300,"description":"!LOC(units:sea_mine_detonates_when_ships_are_in_proximity.message):Sea mine- Detonates when ships are in proximity.","display_name":"!LOC(units:jellyfish.message):Jellyfish","events":{"build_complete":{"audio_cue":"/SE/Build_Complete/sea","effect_scale":0.3},"died":{"audio_cue":"/SE/Death/Sea","effect_scale":0.3}},"max_health":50,"mesh_bounds":[1.2,1.2,0.3],"model":{"filename":"/pa/units/sea/sea_mine/sea_mineX.papa"},"recon":{"observer":{"items":[{"channel":"sight","layer":"surface_and_air","radius":1,"shape":"capsule"}]}},"spawn_layers":"WL_WaterSurface","unit_types":["UNITTYPE_Structure","UNITTYPE_Naval","UNITTYPE_Defense","UNITTYPE_Basic"]}