{"TEMP_texelinfo":6.12932,"attachable":{"offsets":{"head":[0,0.5,2.05],"root":[0,0,0]}},"audio":{"loops":{"move":{"cue":"/SE/Movement/veh/aa_missile_vehicle_loop","flag":"vel_changed","should_start_func":"is_moving","should_stop_func":"is_not_moving"}},"selection_response":{"cue":"/SE/Selection/veh/aa_missile_vehicle"}},"base_spec":"/pa/units/land/base_vehicle/base_vehicle.json","build_metal_cost":150,"description":"!LOC(units:combat_vehicle_equipped_with_basic_anti_air_missiles.message):Combat vehicle- Equipped with basic anti-air missiles.","display_name":"!LOC(units:spinner.message):Spinner","events":{"build_complete":{"audio_cue":"/SE/Build_Complete/veh","effect_scale":0.5},"died":{"audio_cue":"/SE/Death/Veh","effect_scale":0.5},"fired":{"audio_cue":"/SE/Weapons/veh/aa_missile_vehicle_fire","effect_spec":"/pa/effects/specs/default_muzzle_flash.pfx socket_muzzle","effect_scale":0.5}},"guard_layer":"WL_Air","guard_radius":120,"max_health":160,"mesh_bounds":[1.9,2.5,2.5],"model":{"animations":{"run":"/pa/units/land/aa_missile_vehicle/aa_missile_vehicle_anim_runX.papa"},"animtree":"/pa/anim/anim_trees/aa_missile_vehicle_anim_tree.json","filename":"/pa/units/land/aa_missile_vehicle/aa_missile_vehicleX.papa","walk_speed":7},"navigation":{"acceleration":100,"brake":100,"move_speed":10,"turn_speed":180,"type":"land-small"},"nearby_target_tick_update_interval":3,"physics":{"push_class":55,"radius":1.75},"recon":{"observer":{"items":[{"channel":"sight","layer":"surface_and_air","radius":100,"shape":"capsule"}]}},"tools":[{"aim_bone":"bone_pivot","muzzle_bone":"bone_pivot","spec_id":"/pa/units/land/aa_missile_vehicle/aa_missile_vehicle_tool_weapon.json"}],"transportable":{"size":1},"unit_types":["UNITTYPE_Tank","UNITTYPE_Mobile","UNITTYPE_AirDefense","UNITTYPE_Land","UNITTYPE_Basic","UNITTYPE_FactoryBuild"]}