{"TEMP_texelinfo":6.20134,"attachable":{"offsets":{"head":[0,0,1.35],"root":[0,0,0]}},"audio":{"loops":{"build":{"cue":"/SE/Construction/Fab_contruction_beam_loop","flag":"build_target_changed","should_start_func":"has_build_target","should_stop_func":"no_build_target"},"move":{"cue":"/SE/Movement/veh/fab_loop","flag":"vel_changed","should_start_func":"is_moving","should_stop_func":"is_not_moving"}},"selection_response":{"cue":"/SE/Selection/veh/fab"}},"base_spec":"/pa/units/land/base_vehicle/base_vehicle.json","build_metal_cost":200,"buildable_types":"Land & Structure & Basic | Factory & Basic | Factory & Land & Tank & Advanced | FabBuild","command_caps":["ORDER_Move","ORDER_Patrol","ORDER_Build","ORDER_Reclaim","ORDER_Repair","ORDER_Assist","ORDER_Use"],"description":"!LOC(units:basic_fabricator_wired_to_build_structures.message):Basic fabricator- Wired to build structures.","display_name":"!LOC(units:fabrication_vehicle.message):Fabrication Vehicle","events":{"build_complete":{"audio_cue":"/SE/Build_Complete/fab","effect_scale":0.5},"died":{"audio_cue":"/SE/Death/Veh","effect_scale":0.75}},"fx_offsets":[{"bone":"bone_pitch","filename":"/pa/effects/specs/fab_spray.pfx","offset":[0,-2.099,0.1905],"orientation":[0,0,0],"type":"build"}],"guard_layer":"WL_LandHorizontal","guard_radius":60,"max_health":50,"mesh_bounds":[2.25,3,1.5],"model":{"animtree":"/pa/anim/anim_trees/fabrication_turret_anim_tree.json","arrows":5,"filename":"/pa/units/land/fabrication_vehicle/fabrication_vehicleX.papa"},"navigation":{"acceleration":120,"brake":120,"group_preference":"back","move_speed":12,"turn_speed":360,"type":"land-small"},"physics":{"allow_pushing":true,"push_class":100,"radius":1.5},"recon":{"observer":{"items":[{"channel":"sight","layer":"surface_and_air","radius":100,"shape":"capsule"}]}},"tools":[{"aim_bone":"bone_root","spec_id":"/pa/units/land/fabrication_vehicle/fabrication_vehicle_build_arm.json"}],"transportable":{"size":1},"unit_types":["UNITTYPE_Fabber","UNITTYPE_Construction","UNITTYPE_Tank","UNITTYPE_Mobile","UNITTYPE_Basic","UNITTYPE_Land","UNITTYPE_FactoryBuild"]}