{"TEMP_texelinfo":8.37977,"audio":{"loops":{"move":{"cue":"/SE/Movement/sea/attack_sub_loop","flag":"vel_changed","should_start_func":"is_moving","should_stop_func":"is_not_moving"}}},"base_spec":"/pa/units/sea/base_ship/base_ship.json","build_metal_cost":900,"description":"!LOC(units:submarine_class_anti_sub_and_anti_ship_torpedoes.message):Submarine Class: Anti-sub and anti-ship torpedoes","display_name":"!LOC(units:dolphin.message):Dolphin","events":{"build_complete":{"audio_cue":"/SE/Build_Complete/sea","effect_scale":0.3},"died":{"audio_cue":"/SE/Death/Sea_sub","effect_scale":0.3},"fired":{"audio_cue":"/SE/Weapons/sea/attack_sub_fire","effect_scale":0.3}},"guard_layer":"WL_WaterSurface","guard_radius":200,"max_health":140,"mesh_bounds":[1.2,4.5,1.2],"model":{"arrows":5,"filename":"/pa/units/sea/attack_sub/attack_subX.papa"},"navigation":{"acceleration":1,"brake":1,"dodge_multiplier":1.0,"dodge_radius":15,"move_speed":10,"turn_speed":30,"type":"deepwater","wobble_factor":0.1,"wobble_speed":0.2},"physics":{"push_class":2,"radius":1.8000001},"recon":{"observer":{"items":[{"channel":"sight","layer":"surface_and_air","radius":150,"shape":"capsule"}]}},"spawn_layers":"WL_WaterSurface","tools":[{"aim_bone":"bone_root","muzzle_bone":"bone_root","spec_id":"/pa/units/sea/attack_sub/attack_sub_tool_weapon.json"}],"unit_types":["UNITTYPE_Naval","UNITTYPE_Mobile","UNITTYPE_Offense","UNITTYPE_Basic","UNITTYPE_Sub"]}