{"TEMP_texelinfo":4.07719,"audio":{"loops":{"move":{"cue":"/SE/Movement/bot/assault_loop","flag":"vel_changed","should_start_func":"is_moving","should_stop_func":"is_not_moving"}}},"base_spec":"/pa/units/land/base_bot/base_bot.json","build_metal_cost":180,"description":"!LOC(units:assault_anti_land_and_anti_ship_lasers.message):Assault: Anti-land and anti-ship lasers","display_name":"!LOC(units:dox.message):Dox","events":{"build_complete":{"audio_cue":"/SE/Build_Complete/bot"},"died":{"audio_cue":"/SE/Death/Bot","effect_scale":0.5,"effect_spec":"/pa/effects/specs/default_explosion.pfx"},"fired":{"audio_cue":"/SE/Weapons/bot/assault_fire","effect_spec":"/pa/effects/specs/default_small_muzzle_flash.pfx socket_rightMuzzle /pa/effects/specs/default_small_muzzle_flash.pfx socket_leftMuzzle"}},"guard_layer":"WL_AnySurface","guard_radius":90,"max_health":80,"mesh_bounds":[1.795635,1.227735,1.79407],"model":{"animations":{"aim_down":"/pa/units/land/amphibious_bot/amphibious_bot_anim_aim_dwn.papa","aim_up":"/pa/units/land/amphibious_bot/amphibious_bot_anim_aim_up.papa","death01":"/pa/units/land/amphibious_bot/amphibious_bot_anim_death01.papa","walk":"/pa/units/land/amphibious_bot/amphibious_bot_anim_run.papa"},"animtree":"/pa/anim/anim_trees/bipedal_mech_anim_tree.json","filename":"/pa/units/land/amphibious_bot/amphibious_bot.papa","walk_speed":8.4545},"navigation":{"acceleration":150,"brake":150,"dodge_multiplier":1.0,"dodge_radius":15,"move_speed":12,"turn_speed":720,"type":"land-small","wobble_factor":0.1,"wobble_speed":0.2},"physics":{"air_friction":0.5,"push_class":2,"radius":2.0},"recon":{"observer":{"items":[{"channel":"sight","layer":"surface_and_air","radius":85,"shape":"capsule"}]}},"tools":[{"aim_bone":"socket_aim","muzzle_bone":"socket_rightMuzzle","spec_id":"/pa/units/land/amphibious_bot/amphibious_bot_tool_weapon.json"},{"aim_bone":"socket_aim","muzzle_bone":"socket_leftMuzzle","spec_id":"/pa/units/land/amphibious_bot/amphibious_bot_tool_weapon.json"}],"unit_types":["UNITTYPE_Bot","UNITTYPE_Mobile","UNITTYPE_Offense","UNITTYPE_Land","UNITTYPE_Basic"]}