{"TEMP_texelinfo":30.5603,"audio":{"loops":{"move":{"cue":"/SE/Movement/sea/T2_missile_ship_loop","flag":"vel_changed","should_start_func":"is_moving","should_stop_func":"is_not_moving"}},"selection_response":{"cue":"/SE/Selection/sea/sea_large"}},"base_spec":"/pa/units/sea/base_ship/base_ship.json","build_metal_cost":3200,"description":"!LOC(units:artillery_ship_long_range_advanced_guided_missiles.message):Artillery ship- Long range advanced guided missiles.","display_name":"!LOC(units:stingray.message):Stingray","events":{"build_complete":{"audio_cue":"/SE/Build_Complete/sea","effect_scale":0.3},"died":{"audio_cue":"/SE/Death/Sea","effect_scale":0.3},"fired0":{"audio_cue":"/SE/Weapons/sea/T2_missile_ship_fire","effect_scale":0.15,"effect_spec":"/pa/units/sea/missile_ship/missile_ship_tactical_missile.pfx"},"fired1":{"audio_cue":"/SE/Weapons/structure/air_defense_fire","effect_spec":"/pa/effects/specs/default_muzzle_flash.pfx","effect_scale":0.3}},"guard_layer":"WL_AnySurface","guard_radius":460,"max_health":1000,"mesh_bounds":[4.2000003,15.000001,3.6000001],"model":{"animations":{"end":"/pa/units/sea/missile_ship/missile_ship_anim_endX.papa","idle":"/pa/units/sea/missile_ship/missile_ship_anim_idleX.papa","start":"/pa/units/sea/missile_ship/missile_ship_anim_startX.papa"},"animtree":"/pa/anim/anim_trees/missile_ship_anim_tree.json","filename":"/pa/units/sea/missile_ship/missile_shipX.papa"},"navigation":{"acceleration":60,"brake":60,"move_speed":6,"turn_speed":45,"type":"deepwater"},"nearby_target_tick_update_interval":20,"physics":{"push_class":2,"radius":1.8000001,"shape":"sphere"},"recon":{"observer":{"items":[{"channel":"sight","layer":"surface_and_air","radius":200,"shape":"capsule"}]}},"spawn_layers":"WL_WaterSurface","tools":[{"aim_bone":"socket_missile_muzzle01","fire_event":"fired0","muzzle_bone":["socket_missile_muzzle01","socket_missile_muzzle02"],"record_index":0,"spec_id":"/pa/units/sea/missile_ship/missile_ship_tool_weapon.json"},{"aim_bone":"socket_missile_muzzle03","fire_event":"fired1","muzzle_bone":["socket_missile_muzzle03","socket_missile_muzzle04"],"record_index":1,"spec_id":"/pa/units/sea/missile_ship/missile_ship_aa_tool_weapon.json"}],"unit_types":["UNITTYPE_Naval","UNITTYPE_Mobile","UNITTYPE_Offense","UNITTYPE_Advanced","UNITTYPE_Tactical","UNITTYPE_FactoryBuild"]}