{"TEMP_texelinfo":7.25927,"area_build_separation":100,"area_build_type":"Sphere","atrophy_cool_down":15.0,"atrophy_rate":3.3333,"audio":{"selection_response":{"cue":"/SE/Selection/structure/radar"}},"base_spec":"/pa/units/land/base_structure/base_structure.json","build_metal_cost":200,"consumption":{"energy":150},"description":"!LOC(units:basic_radar_detects_nearby_enemy_land_sea_and_air_units.message):Basic radar- Detects nearby enemy land, sea, and air units.","display_name":"!LOC(units:radar.message):Radar","energy_efficiency_requirement":0.9,"events":{"build_complete":{"audio_cue":"/SE/Build_Complete/radar","effect_scale":0.3},"died":{"audio_cue":"/SE/Death/radar","effect_scale":0.15}},"lamps":[{"color":[1.0,1.0,1.0],"intensity":2.0,"offset":[0,1.1040001,1.6590002],"radius":3.0}],"max_health":500,"mesh_bounds":[2.5756772,2.313765,3.15],"model":[{"animations":{"end":"/pa/units/land/radar/radar_anim_endX.papa","loop":"/pa/units/land/radar/radar_anim_loopX.papa","start":"/pa/units/land/radar/radar_anim_startX.papa"},"animtree":"/pa/anim/anim_trees/powered_loop_anim_tree.json","filename":"/pa/units/land/radar/radarX.papa","layer":"WL_LandHorizontal","skirt_decal":"/pa/effects/specs/skirt_radar.json"},{"animations":{"end":"/pa/units/land/radar/radar_anim_endX.papa","loop":"/pa/units/land/radar/radar_anim_loopX.papa","start":"/pa/units/land/radar/radar_anim_startX.papa"},"animtree":"/pa/anim/anim_trees/powered_loop_anim_tree.json","filename":"/pa/units/sea/radar/radarX.papa","layer":"WL_WaterSurface"}],"physics":{"collision_layers":"WL_AnySurface"},"recon":{"observer":{"items":[{"channel":"sight","layer":"surface_and_air","radius":100,"shape":"capsule","uses_energy":true},{"channel":"radar","layer":"surface_and_air","radius":600,"shape":"capsule","uses_energy":true},{"channel":"sight","layer":"orbital","radius":300,"shape":"capsule","uses_energy":true},{"channel":"radar","layer":"orbital","radius":600,"shape":"capsule","uses_energy":true}]}},"spawn_layers":"WL_AnySurface","unit_types":["UNITTYPE_Land","UNITTYPE_Structure","UNITTYPE_Basic","UNITTYPE_FabBuild","UNITTYPE_Recon"]}