{"TEMP_texelinfo":31.6199,"attachable":{"offsets":{"root":[0,0,0]}},"base_spec":"/pa/units/orbital/base_orbital/base_orbital.json","build_metal_cost":24000,"command_caps":["ORDER_Move","ORDER_Patrol","ORDER_Attack"],"description":"!LOC(units:orbital_laser_platform_rains_death_from_above.message):Orbital laser platform- Rains death from above.","display_name":"!LOC(units:sxx_1304_laser_platform.message):SXX-1304 Laser Platform","events":{"build_complete":{"audio_cue":"/SE/Build_Complete/orbital"},"died":{"audio_cue":"/SE/Death/orbital","effect_scale":2},"fired":{"audio_cue":"/SE/Weapons/orb/orb_ssx_laser_fire","effect_scale":3,"effect_spec":"/pa/units/orbital/orbital_laser/orbital_laser_muzzle_flash.pfx socket_muzzle"}},"gravwell_velocity_multiplier":6.0,"guard_layer":"WL_AnySurface","guard_radius":110,"max_health":1500,"mesh_bounds":[19,19,20],"model":{"animations":{"closed":"/pa/units/orbital/orbital_laser/orbital_laser_anim_closed.papa","deploy":"/pa/units/orbital/orbital_laser/orbital_laser_anim_deploy.papa","open":"/pa/units/orbital/orbital_laser/orbital_laser_anim_open.papa"},"animtree":"/pa/anim/anim_trees/orbital_laser_anim_tree.json","filename":"/pa/units/orbital/orbital_laser/orbital_laser.papa"},"navigation":{"acceleration":10,"brake":10,"hover_time":-1.0,"move_speed":25,"turn_speed":90,"type":"orbital"},"physics":{"gravity_scalar":0.001,"push_class":15,"radius":10},"recon":{"observer":{"items":[{"channel":"sight","layer":"surface_and_air","radius":100,"shape":"capsule"},{"channel":"sight","layer":"orbital","radius":100,"shape":"sphere"}]}},"spawn_layers":"WL_Orbital","tools":[{"aim_bone":"bone_recoil","muzzle_bone":"socket_muzzle","spec_id":"/pa/units/orbital/orbital_laser/orbital_laser_tool_weapon.json"}],"unit_types":["UNITTYPE_Mobile","UNITTYPE_Offense","UNITTYPE_Orbital","UNITTYPE_LaserPlatform","UNITTYPE_Advanced","UNITTYPE_FactoryBuild","UNITTYPE_Important"]}