{"TEMP_texelinfo":55.7884,"area_build_type":"Line","atrophy_cool_down":15.0,"atrophy_rate":6.66667,"audio":{"loops":{"enabled":{"cue":"/SE/Buildings/teleporter_loop","flag":"enable_changed","should_start_func":"is_enabled","should_stop_func":"is_disabled"}}},"base_spec":"/pa/units/land/base_structure/base_structure.json","build_metal_cost":400,"command_caps":["ORDER_Move","ORDER_Patrol","ORDER_Reclaim","ORDER_Repair","ORDER_Attack","ORDER_Assist","ORDER_Use"],"description":"!LOC(units:teleporter_teleports_units_from_one_to_another.message):Teleporter: Teleports units from one to another.","display_name":"!LOC(units:teleporter.message):Teleporter","energy_efficiency_requirement":1.0,"events":{"build_complete":{"audio_cue":"/SE/Build_Complete/energy","effect_scale":0.3},"died":{"audio_cue":"/SE/Death/Factory","effect_scale":0.45000002},"disabled":{"audio_cue":"/SE/Buildings/teleporter_disabled","effect_spec":"/pa/units/land/teleporter/teleporter_power_down.pfx bone_innerRingMaster","effect_scale":0.3},"enabled":{"audio_cue":"/SE/Buildings/teleporter_enabled","effect_spec":"/pa/units/land/teleporter/teleporter_power_on.pfx bone_innerRingMaster","effect_scale":0.3}},"fx_offsets":[{"bone":"bone_innerRingMaster","filename":"/pa/units/land/teleporter/teleporter_event_horizon.pfx","offset":[0,0,0],"orientation":[0,0,0],"type":"enabled"},{"bone":"bone_innerRing01","filename":"/pa/units/land/teleporter/teleporter_brace_glow.pfx","offset":[0,0,0],"orientation":[0,0,0],"type":"enabled"},{"bone":"bone_innerRing02","filename":"/pa/units/land/teleporter/teleporter_brace_glow.pfx","offset":[0,0,0],"orientation":[0,0,0],"type":"enabled"},{"bone":"bone_innerRing03","filename":"/pa/units/land/teleporter/teleporter_brace_glow.pfx","offset":[0,0,0],"orientation":[0,0,0],"type":"enabled"},{"bone":"bone_innerRing04","filename":"/pa/units/land/teleporter/teleporter_brace_glow.pfx","offset":[0,0,0],"orientation":[0,0,0],"type":"enabled"}],"max_health":9750,"mesh_bounds":[12.720001,9,10.200001],"model":{"animations":{"end":"/pa/units/land/teleporter/teleporter_anim_endX.papa","loop":"/pa/units/land/teleporter/teleporter_anim_loopX.papa","start":"/pa/units/land/teleporter/teleporter_anim_startX.papa"},"animtree":"/pa/anim/anim_trees/powered_loop_anim_tree.json","filename":"/pa/units/land/teleporter/teleporterX.papa","skirt_decal":"/pa/effects/specs/skirt_teleporter.json"},"orders":{"handler_type":"inert"},"placement_size":[15.000001,22.5],"recon":{"observer":{"items":[{"channel":"sight","layer":"surface_and_air","radius":100,"shape":"capsule"}]}},"spawn_layers":"WL_LandHorizontal","teleporter":{"energy_demand":1000},"unit_name":"!LOC(units:teleporter.message):Teleporter","unit_types":["UNITTYPE_Structure","UNITTYPE_Teleporter","UNITTYPE_CmdBuild","UNITTYPE_FabBuild","UNITTYPE_FabAdvBuild","UNITTYPE_CombatFabAdvBuild","UNITTYPE_CombatFabBuild","UNITTYPE_FabOrbBuild"],"useable":{"range":30,"type":"teleporter"}}