{"TEMP_texelinfo":19.1546,"audio":{"loops":{"move":{"cue":"/SE/Movement/sea/frigate_loop","flag":"vel_changed","should_start_func":"is_moving","should_stop_func":"is_not_moving"}}},"base_spec":"/pa/units/sea/base_ship/base_ship.json","build_metal_cost":450,"description":"!LOC(units:frigate_basic_anti_air_missiles_and_anti_ship_guns.message):Frigate- Basic anti-air missiles and anti-ship guns.","display_name":"!LOC(units:narwhal.message):Narwhal","events":{"build_complete":{"audio_cue":"/SE/Build_Complete/sea","effect_scale":0.5},"died":{"audio_cue":"/SE/Death/Sea_large","effect_scale":0.375},"fired":{"audio_cue":"/SE/Weapons/sea/frigate_fire_1","effect_scale":0.25,"effect_spec":"/pa/effects/specs/default_muzzle_flash.pfx"}},"guard_layer":"WL_AnySurface","guard_radius":220,"max_health":750,"mesh_bounds":[5,12.5,7.5],"model":{"animtree":"/pa/anim/anim_trees/frigate_anim_tree.json","arrows":5,"filename":"/pa/units/sea/frigate/frigateX.papa"},"navigation":{"acceleration":70,"brake":70,"move_speed":7,"turn_speed":60,"type":"deepwater"},"nearby_target_tick_update_interval":3,"physics":{"push_class":2,"radius":2.5,"shape":"sphere"},"recon":{"observer":{"items":[{"channel":"sight","layer":"surface_and_air","radius":150,"shape":"capsule"}]}},"spawn_layers":"WL_WaterSurface","tools":[{"aim_bone":"bone_pitch01","muzzle_bone":["socket_muzzle01"],"spec_id":"/pa/units/sea/frigate/frigate_tool_weapon_shell.json"},{"aim_bone":"bone_pitch02","muzzle_bone":["socket_rightMuzzle02","socket_leftMuzzle02"],"spec_id":"/pa/units/sea/frigate/frigate_tool_weapon_aa.json"}],"unit_types":["UNITTYPE_Naval","UNITTYPE_Mobile","UNITTYPE_Offense","UNITTYPE_Basic","UNITTYPE_AirDefense","UNITTYPE_FactoryBuild"]}