{"TEMP_texelinfo":23.9658,"attachable":{"offsets":{"root":[0,0,0]}},"audio":{"loops":{"move":{"cue":"/SE/Movement/orbital/orbital_transport_loop","flag":"vel_changed","should_start_func":"is_moving","should_stop_func":"is_not_moving"}}},"base_spec":"/pa/units/orbital/base_orbital/base_orbital.json","build_metal_cost":600,"command_caps":["ORDER_Move","ORDER_Patrol","ORDER_Assist","ORDER_Load","ORDER_Unload","ORDER_SpecialMove"],"description":"!LOC(units:orbital_lander_load_it_up_get_units_to_other_planets.message):Orbital lander- Load it up, get units to other planets.","display_name":"!LOC(units:astraeus.message):Astraeus","events":{"build_complete":{"audio_cue":"/SE/Build_Complete/orbital"},"died":{"audio_cue":"/SE/Death/orbital"}},"fx_offsets":[{"bone":"bone_leftThruster","filename":"/pa/units/air/gunship/gunship_jets.pfx","offset":[0,-3.793,0],"orientation":[0,180,0],"type":"moving"},{"bone":"bone_rightThruster","filename":"/pa/units/air/gunship/gunship_jets.pfx","offset":[0,-3.793,0],"orientation":[0,180,0],"type":"moving"},{"bone":"bone_jet01","filename":"/pa/units/air/gunship/gunship_jets.pfx","offset":[0,-2.694,0],"orientation":[0,180,0],"type":"moving"},{"bone":"bone_jet02","filename":"/pa/units/air/gunship/gunship_jets.pfx","offset":[0,-2.694,0],"orientation":[0,180,0],"type":"moving"},{"bone":"bone_jet03","filename":"/pa/units/air/gunship/gunship_jets.pfx","offset":[0,-2.694,0],"orientation":[0,180,0],"type":"moving"},{"bone":"bone_jet04","filename":"/pa/units/air/gunship/gunship_jets.pfx","offset":[0,-2.694,0],"orientation":[0,180,0],"type":"moving"}],"max_health":150,"mesh_bounds":[15,10,5],"model":{"animations":{"closed":"/pa/units/orbital/orbital_lander/orbital_lander_anim_closed.papa","deploy":"/pa/units/orbital/orbital_lander/orbital_lander_anim_deploy.papa","open":"/pa/units/orbital/orbital_lander/orbital_lander_anim_open.papa"},"animtree":"/pa/anim/anim_trees/satellite_launched_anim_tree.json","filename":"/pa/units/orbital/orbital_lander/orbital_lander.papa"},"navigation":{"acceleration":25,"brake":25,"hover_time":-1.0,"move_speed":25,"turn_speed":360,"type":"orbital","vertical_speed":100},"physics":{"gravity_scalar":0.001,"push_class":25,"radius":8},"recon":{"observer":{"items":[{"channel":"sight","layer":"surface_and_air","radius":100,"shape":"capsule"},{"channel":"sight","layer":"orbital","radius":100,"shape":"sphere"}]}},"system_velocity_multiplier":7.5,"transporter":{"capacity":1,"transportable_attach_offset":"head","transporter_attach_bone":"bone_payload"},"unit_types":["UNITTYPE_Orbital","UNITTYPE_Mobile","UNITTYPE_Transport","UNITTYPE_Basic","UNITTYPE_FactoryBuild"],"usable":true,"useable":{"range":10,"type":"transport"}}