{"TEMP_texelinfo":9.09853,"area_build_separation":18,"atrophy_cool_down":15,"atrophy_rate":26.66667,"base_spec":"/pa/units/land/base_structure/base_structure.json","build_metal_cost":1600,"command_caps":["ORDER_Attack"],"description":"!LOC(units:advanced_turret_equipped_with_anti_air_turret.message):Advanced turret- Equipped with anti-air turret.","display_name":"!LOC(units:flak_cannon.message):Flak Cannon","events":{"build_complete":{"audio_cue":"/SE/Build_Complete/structure_small","effect_scale":0.5},"died":{"audio_cue":"/SE/Death/structure_small","effect_scale":0.25},"fired":{"audio_cue":"/SE/Weapons/structure/air_defense_flak_fire","effect_spec":"/pa/effects/specs/default_muzzle_flash.pfx socket_rightMuzzle01 /pa/effects/specs/default_muzzle_flash.pfx socket_leftMuzzle01","effect_scale":0.5}},"guard_layer":"WL_Air","guard_radius":150,"max_health":1000,"mesh_bounds":[3.5,3.5,4.7],"model":[{"animtree":"/pa/anim/anim_trees/air_defense_adv_anim_tree.json","filename":"/pa/units/land/air_defense_adv/air_defense_advX.papa","layer":"WL_LandHorizontal","skirt_decal":"/pa/effects/specs/skirt_air_defense_adv.json"},{"animtree":"/pa/anim/anim_trees/fabrication_turret_anim_tree.json","filename":"/pa/units/sea/air_defense_adv/air_defense_advX.papa","layer":"WL_WaterSurface"}],"nearby_target_tick_update_interval":3,"recon":{"observer":{"items":[{"channel":"sight","layer":"surface_and_air","radius":155,"shape":"capsule"}]}},"spawn_layers":"WL_AnyHorizontalGroundOrWaterSurface","tools":[{"aim_bone":"bone_pitch","muzzle_bone":["socket_rightMuzzle01","socket_leftMuzzle01","socket_rightMuzzle02","socket_leftMuzzle02"],"spec_id":"/pa/units/land/air_defense_adv/air_defense_adv_tool_weapon.json"}],"unit_types":["UNITTYPE_Structure","UNITTYPE_Advanced","UNITTYPE_Land","UNITTYPE_AirDefense","UNITTYPE_Defense","UNITTYPE_FabAdvBuild"]}