{"TEMP_texelinfo":5.11028,"attachable":{"offsets":{"head":[0,0,1.08],"root":[0,0,0]}},"audio":{"command_response":{"cue":"/SE/Confirmation/bot/fab"},"loops":{"build":{"cue":"/SE/Construction/Fab_bot_contruction_beam_loop","flag":"build_target_changed","should_start_func":"has_build_target","should_stop_func":"no_build_target"},"move":{"cue":"/SE/Movement/bot/fab_loop","flag":"vel_changed","should_start_func":"is_moving","should_stop_func":"is_not_moving"}},"selection_response":{"cue":"/SE/Selection/bot/fab"}},"base_spec":"/pa/units/land/base_bot/base_bot.json","build_metal_cost":200,"buildable_types":"Land & Structure & Basic | Factory & Basic | Factory & Advanced & Bot & Land | FabBuild","command_caps":["ORDER_Move","ORDER_Patrol","ORDER_Build","ORDER_Reclaim","ORDER_Repair","ORDER_Assist","ORDER_Use"],"description":"!LOC(units:basic_fabricator_wired_to_build_structures.message):Basic fabricator- Wired to build structures.","display_name":"!LOC(units:fabrication_bot.message):Fabrication Bot","events":{"build_complete":{"audio_cue":"/SE/Build_Complete/fab","effect_scale":0.3},"died":{"audio_cue":"/SE/Death/Bot","effect_scale":0.24000001}},"fx_offsets":[{"bone":"bone_rightElbow","filename":"/pa/effects/specs/fab_spray.pfx","offset":[0,-0.5673,-0.033],"orientation":[0,0,0],"type":"build"},{"bone":"bone_leftElbow","filename":"/pa/effects/specs/fab_spray.pfx","offset":[0,-0.5673,-0.033],"orientation":[0,0,0],"type":"build"}],"guard_layer":"WL_LandHorizontal","guard_radius":60,"max_health":50,"mesh_bounds":[1.2,1.14,1.2],"model":{"animations":{"aim_down":"/pa/units/land/fabrication_bot/fabrication_bot_anim_aimDownX.papa","aim_up":"/pa/units/land/fabrication_bot/fabrication_bot_anim_aimUpX.papa","death01":"/pa/units/land/fabrication_bot/fabrication_bot_anim_death01X.papa","idle":"/pa/units/land/fabrication_bot/fabrication_bot_anim_idleX.papa","walk":"/pa/units/land/fabrication_bot/fabrication_bot_anim_runX.papa"},"animtree":"/pa/anim/anim_trees/fabrication_bipedal_mech_anim_tree.json","filename":"/pa/units/land/fabrication_bot/fabrication_botX.papa","walk_speed":12},"navigation":{"acceleration":120,"brake":120,"group_preference":"back","move_speed":12,"turn_speed":360,"type":"land-small"},"physics":{"allow_pushing":true,"push_class":100,"radius":0.6},"recon":{"observer":{"items":[{"channel":"sight","layer":"surface_and_air","radius":100,"shape":"capsule"}]}},"tools":[{"aim_bone":"bone_root","spec_id":"/pa/units/land/fabrication_bot/fabrication_bot_build_arm.json"}],"transportable":{"size":1},"unit_types":["UNITTYPE_Fabber","UNITTYPE_Construction","UNITTYPE_Bot","UNITTYPE_Mobile","UNITTYPE_Land","UNITTYPE_Basic","UNITTYPE_FactoryBuild"]}