{"TEMP_texelinfo":63.0516,"area_build_separation":7,"atrophy_cool_down":15.0,"atrophy_rate":80.0,"audio":{"loops":{"build":{"cue":"/SE/Construction/Factory_contruction_loop_bot","flag":"build_target_changed","should_start_func":"has_build_target","should_stop_func":"no_build_target"}}},"base_spec":"/pa/units/land/base_structure/base_structure.json","build_metal_cost":4800,"buildable_types":"Bot & Mobile & FactoryBuild","command_caps":["ORDER_Move","ORDER_Patrol","ORDER_FactoryBuild","ORDER_Reclaim","ORDER_Repair","ORDER_Attack","ORDER_Assist","ORDER_Use"],"description":"!LOC(units:advanced_manufacturing_builds_bots.message):Advanced manufacturing- Builds bots.","display_name":"!LOC(units:advanced_bot_factory.message):Advanced Bot Factory","events":{"died":{"effect_scale":0.75}},"factory_cooldown_time":3,"fx_offsets":[{"bone":"socket_muzzle01","filename":"/pa/effects/specs/fab_spray.pfx","offset":[0,0,0],"orientation":[0,0,0],"type":"build"},{"bone":"socket_muzzle02","filename":"/pa/effects/specs/fab_spray.pfx","offset":[0,0,0],"orientation":[0,0,0],"type":"build"},{"bone":"socket_muzzle03","filename":"/pa/effects/specs/fab_spray.pfx","offset":[0,0,0],"orientation":[0,0,0],"type":"build"}],"headlights":[{"color":[1.5,1.52,1.6],"debug":false,"far_distance":40.0,"gobo":"/pa/effects/textures/gobo/spotlight_gobo.papa","intensity":2.0,"near_distance":5.0,"near_height":12.0,"near_width":12.0,"offset":[-7.145,0,8.3],"orientation":[45.0,0.0,0.0]}],"lamps":[{"color":[1.0,1.0,1.0],"intensity":2.0,"offset":[-7.145,0,8],"radius":4.0},{"color":[1.0,1.0,1.0],"intensity":2.0,"offset":[-7.145,0,8.6],"radius":4.0},{"color":[0.1,1.0,0.1],"intensity":2.0,"offset":[9.5,0,4.835],"radius":8.0},{"color":[0.1,1.0,0.1],"intensity":2.0,"offset":[11.365,0,7.16],"radius":8.0},{"color":[1.0,0.0,0.0],"intensity":2.0,"offset":[-12.635,0,7.325],"radius":4.0},{"color":[1.0,0.0,0.0],"intensity":2.0,"offset":[-7.12,-9.765,3.5],"radius":4.0}],"max_health":30000,"mesh_bounds":[25,25,11],"model":{"animations":{"build_end":"/pa/units/land/bot_factory_adv/bot_factory_adv_anim_endX.papa","build_loop":"/pa/units/land/bot_factory_adv/bot_factory_adv_anim_buildX.papa","build_start":"/pa/units/land/bot_factory_adv/bot_factory_adv_anim_startX.papa"},"animtree":"/pa/anim/anim_trees/factory_anim_tree.json","filename":"/pa/units/land/bot_factory_adv/bot_factory_advX.papa","skirt_decal":"/pa/effects/specs/skirt_bot_adv.json"},"physics":{"collision_layers":"WL_AnyHorizontalGroundOrWaterSurface"},"placement_size":[25,40],"recon":{"observer":{"items":[{"channel":"sight","layer":"surface_and_air","radius":110,"shape":"capsule"}]}},"rolloff_dirs":[[0,1,0],[0,-1,0]],"tools":[{"aim_bone":"bone_root","spec_id":"/pa/units/land/bot_factory_adv/bot_factory_adv_build_arm.json"}],"unit_types":["UNITTYPE_Factory","UNITTYPE_Construction","UNITTYPE_Land","UNITTYPE_Bot","UNITTYPE_Structure","UNITTYPE_Advanced","UNITTYPE_Important"],"wait_to_rolloff_time":0}