{"TEMP_texelinfo":14.1009,"area_build_separation":18,"atrophy_cool_down":15.0,"atrophy_rate":30.0,"base_spec":"/pa/units/land/base_structure/base_structure.json","build_metal_cost":1800,"command_caps":["ORDER_Attack"],"description":"!LOC(units:torpedo_launcher_advanced_anti_ship_defense.message):Torpedo Launcher- Advanced anti-ship defense.","display_name":"!LOC(units:advanced_torpedo_launcher.message):Advanced Torpedo Launcher","events":{"build_complete":{"audio_cue":"/SE/Build_Complete/sea","effect_scale":0.3},"died":{"audio_cue":"/SE/Death/Sea","effect_scale":0.22500001},"fired":{"audio_cue":"/SE/Weapons/sea/torpedo_fire","effect_scale":0.3}},"guard_layer":"WL_AnySurface","guard_radius":320,"max_health":4000,"mesh_bounds":[4.5,2.7,1.5],"model":{"animations":{"idle":"/pa/units/sea/torpedo_launcher/torpedo_launcher_anim_idleX.papa"},"animtree":"/pa/anim/anim_trees/torpedo_launcher_adv_anim_tree.json","filename":"/pa/units/sea/torpedo_launcher_adv/torpedo_launcher_advX.papa"},"recon":{"observer":{"items":[{"channel":"sight","layer":"surface_and_air","radius":200,"shape":"capsule"},{"channel":"radar","layer":"surface_and_air","radius":210,"shape":"capsule"}]}},"spawn_layers":"WL_WaterSurface","tools":[{"aim_bone":"bone_turret","muzzle_bone":["socket_rightMuzzle","socket_centerMuzzle","socket_leftMuzzle"],"spec_id":"/pa/units/sea/torpedo_launcher_adv/torpedo_launcher_adv_tool_weapon.json"}],"unit_types":["UNITTYPE_Structure","UNITTYPE_Advanced","UNITTYPE_Naval","UNITTYPE_Defense","UNITTYPE_FabAdvBuild"]}