{"TEMP_texelinfo":9.04444,"attachable":{"offsets":{"head":[0,-0.15,1.83],"root":[0,0,0]}},"audio":{"loops":{"move":{"cue":"/SE/Movement/veh/tank_vagaurd_loop_T2","flag":"vel_changed","should_start_func":"is_moving","should_stop_func":"is_not_moving"}},"selection_response":{"cue":"/SE/Selection/veh/tank_vagaurd_T2"}},"base_spec":"/pa/units/land/base_vehicle/base_vehicle.json","build_metal_cost":1500,"description":"!LOC(units:heavy_tank_advanced_short_range_heavily_armored_vehicle.message):Heavy tank- Advanced short range, heavily armored vehicle.","display_name":"!LOC(units:vanguard.message):Vanguard","events":{"build_complete":{"audio_cue":"/SE/Build_Complete/veh","effect_scale":0.3},"died":{"audio_cue":"/SE/Death/Veh","effect_scale":0.6},"fired":{"effect_spec":"/pa/effects/specs/default_muzzle_flash.pfx socket_muzzle","effect_scale":0.3}},"guard_layer":"WL_LandHorizontal","guard_radius":40,"max_health":5000,"mesh_bounds":[2.25,2.46,1.86],"model":{"animtree":"/pa/anim/anim_trees/tank_armor_anim_tree.json","filename":"/pa/units/land/tank_heavy_armor/tank_heavy_armorX.papa"},"navigation":{"acceleration":100,"brake":100,"group_preference":"front","move_speed":10,"turn_speed":180,"type":"land-small"},"physics":{"push_class":90,"radius":1.8000001},"recon":{"observer":{"items":[{"channel":"sight","layer":"surface_and_air","radius":100,"shape":"capsule"},{"channel":"radar","layer":"surface_and_air","radius":150,"shape":"capsule"}]}},"scrolling_uv":{"scroll_rate":0.58,"uv_split":0.855},"tools":[{"aim_bone":"bone_turret","muzzle_bone":"socket_muzzle","spec_id":"/pa/units/land/tank_heavy_armor/tank_heavy_armor_tool_weapon.json"}],"transportable":{"size":1},"unit_types":["UNITTYPE_Tank","UNITTYPE_Heavy","UNITTYPE_Mobile","UNITTYPE_Offense","UNITTYPE_Land","UNITTYPE_Advanced","UNITTYPE_FactoryBuild"]}