{"TEMP_texelinfo":63.4807,"atrophy_cool_down":15.0,"atrophy_rate":45.0,"audio":{"loops":{"build":{"cue":"/SE/Construction/Factory_contruction_loop_orb_launcher","flag":"build_target_changed","should_start_func":"has_build_target","should_stop_func":"no_build_target"}}},"base_spec":"/pa/units/land/base_structure/base_structure.json","build_metal_cost":2700,"buildable_types":"Orbital & FactoryBuild & Basic","command_caps":["ORDER_Move","ORDER_Patrol","ORDER_FactoryBuild","ORDER_Attack","ORDER_Assist"],"description":"!LOC(units:basic_manufacturing_builds_and_launches_satellites_and_other_units.message):Basic manufacturing- Builds and launches satellites and other units.","display_name":"!LOC(units:orbital_launcher.message):Orbital Launcher","enable_orbital_shell":true,"events":{"died":{"effect_scale":0.6}},"factory":{"deploy_projectile":"/pa/units/orbital/orbital_launcher/orbital_launcher_deploy.json","spawn_points":["bone_missile01"]},"fx_offsets":[{"bone":"socket_muzzle01","filename":"/pa/effects/specs/fab_spray.pfx","offset":[0,0],"orientation":[0,0,0],"type":"build"},{"bone":"socket_muzzle02","filename":"/pa/effects/specs/fab_spray.pfx","offset":[0,0],"orientation":[0,0,0],"type":"build"}],"headlights":[{"bone":"bone_platform","color":[1.5,1.52,1.6],"far_distance":40.0,"gobo":"/pa/effects/textures/gobo/spotlight_gobo.papa","intensity":3.0,"near_distance":5.0,"near_height":4.5,"near_width":4.5,"offset":[-2.4,0,1.5],"orientation":[160.0,0.0,0.0]},{"bone":"bone_platform","color":[1.5,1.52,1.6],"far_distance":40.0,"gobo":"/pa/effects/textures/gobo/spotlight_gobo.papa","intensity":3.0,"near_distance":5.0,"near_height":4.5,"near_width":4.5,"offset":[2.4,0,1.5],"orientation":[-160.0,0.0,0.0]},{"color":[1.0,1.0,1.0],"far_distance":25.0,"gobo":"/pa/effects/textures/gobo/spotlight_gobo.papa","intensity":3.0,"near_distance":2.5,"near_height":5.5,"near_width":5.5,"offset":[-1.5,-6.441,2.697],"orientation":[0.0,35.0,0.0]}],"lamps":[{"color":[0.1,1.0,0.1],"intensity":2.0,"offset":[-1.5,7.0110006,10.095001],"radius":8.0},{"color":[0.1,1.0,0.1],"intensity":2.0,"offset":[-1.5,5.5800004,10.857],"radius":8.0},{"color":[1.0,0.0,0.0],"intensity":2.0,"offset":[0.47100005,4.047,2.91],"radius":4.0},{"color":[1.0,0.0,0.0],"intensity":2.0,"offset":[7.59,4.848,3.669],"radius":4.0},{"color":[1.0,0.0,0.0],"intensity":2.0,"offset":[-1.5,7.5120006,8.964],"radius":4.0},{"color":[1.0,1.0,1.0],"intensity":2.0,"offset":[-1.5,-6.441,2.697],"radius":5.0},{"color":[1.0,1.0,1.0],"intensity":2.0,"offset":[-1.5,2.25,17.676],"radius":3.0},{"color":[1.0,1.0,1.0],"intensity":2.0,"offset":[-1.5,3.864,17.676],"radius":3.0},{"color":[1.0,1.0,1.0],"intensity":2.0,"offset":[-0.71400005,3.075,17.676],"radius":3.0},{"color":[1.0,1.0,1.0],"intensity":2.0,"offset":[-2.265,3.075,17.676],"radius":3.0},{"bone":"bone_gantry01","color":[1.0,1.0,1.0],"intensity":2.0,"offset":[1.242,-3.0834,0],"radius":4.0},{"bone":"bone_gantry02","color":[1.0,1.0,1.0],"intensity":2.0,"offset":[1.242,-3.0834,0],"radius":4.0}],"max_health":6000,"mesh_bounds":[15.01362,15.009181,17.400002],"model":[{"animations":{"build_end":"/pa/units/orbital/orbital_launcher/orbital_launcher_anim_endX.papa","build_loop":"/pa/units/orbital/orbital_launcher/orbital_launcher_anim_buildX.papa","build_start":"/pa/units/orbital/orbital_launcher/orbital_launcher_anim_startX.papa"},"animtree":"/pa/anim/anim_trees/factory_anim_tree.json","filename":"/pa/units/orbital/orbital_launcher/orbital_launcherX.papa","layer":"WL_LandHorizontal","skirt_decal":"/pa/effects/specs/skirt_orbital_launcher.json"},{"animations":{"build_end":"/pa/units/orbital/orbital_launcher/orbital_launcher_anim_endX.papa","build_loop":"/pa/units/orbital/orbital_launcher/orbital_launcher_anim_buildX.papa","build_start":"/pa/units/orbital/orbital_launcher/orbital_launcher_anim_startX.papa"},"animtree":"/pa/anim/anim_trees/factory_anim_tree.json","filename":"/pa/units/sea/orbital_launcher/orbital_launcherX.papa","layer":"WL_WaterSurface"}],"physics":{"collision_layers":"WL_AnyHorizontalGroundOrWaterSurface"},"recon":{"observer":{"items":[{"channel":"sight","layer":"surface_and_air","radius":110,"shape":"capsule"}]}},"spawn_layers":"WL_AnyHorizontalGroundOrWaterSurface","tools":[{"aim_bone":"bone_root","spec_id":"/pa/units/orbital/orbital_launcher/orbital_launcher_build_arm.json"}],"unit_types":["UNITTYPE_Orbital","UNITTYPE_Factory","UNITTYPE_Construction","UNITTYPE_Structure","UNITTYPE_Land","UNITTYPE_FabBuild","UNITTYPE_FabAdvBuild","UNITTYPE_Important"],"wait_to_rolloff_time":3}