{"TEMP_texelinfo":32.6108,"area_build_type":"Line","atrophy_cool_down":15.0,"atrophy_rate":45.0,"audio":{"selection_response":{"cue":"/SE/Selection/structure/energy"}},"base_spec":"/pa/units/land/base_structure/base_structure.json","build_metal_cost":2700,"description":"!LOC(units:advanced_manufacturing_produces_energy.message):Advanced manufacturing- Produces energy.","display_name":"!LOC(units:advanced_energy_plant.message):Advanced Energy Plant","events":{"build_complete":{"audio_cue":"/SE/Build_Complete/energy","effect_scale":0.3},"died":{"audio_cue":"/SE/Death/Factory","effect_scale":0.375}},"fx_offsets":[{"filename":"/pa/units/land/energy_plant_adv/energy_plant_adv_idle.pfx","offset":[0,0,2.01],"type":"idle"}],"headlights":[{"color":[1.0,1.0,1.0],"far_distance":25.0,"gobo":"/pa/effects/textures/gobo/spotlight_gobo.papa","intensity":1.0,"near_distance":2.0,"near_height":4.4,"near_width":4.4,"offset":[2.1750002,2.1750002,2.4],"orientation":[35.25,-30.0,125.25]},{"color":[1.0,1.0,1.0],"far_distance":25.0,"gobo":"/pa/effects/textures/gobo/spotlight_gobo.papa","intensity":1.0,"near_distance":2.0,"near_height":4.4,"near_width":4.4,"offset":[2.1750002,-2.1750002,2.4],"orientation":[35.25,30.0,54.75]},{"color":[1.0,1.0,1.0],"far_distance":25.0,"gobo":"/pa/effects/textures/gobo/spotlight_gobo.papa","intensity":1.0,"near_distance":2.0,"near_height":4.4,"near_width":4.4,"offset":[-2.1750002,-2.1750002,2.4],"orientation":[-35.25,30.0,-54.75]},{"color":[1.0,1.0,1.0],"far_distance":25.0,"gobo":"/pa/effects/textures/gobo/spotlight_gobo.papa","intensity":1.0,"near_distance":2.0,"near_height":4.4,"near_width":4.4,"offset":[-2.1750002,2.1750002,2.4],"orientation":[-35.25,-30.0,-125.25]}],"lamps":[{"color":[1.0,1.0,1.0],"intensity":2.0,"offset":[2.1750002,2.1750002,2.4],"radius":3.0},{"color":[1.0,1.0,1.0],"intensity":2.0,"offset":[2.1750002,-2.1750002,2.4],"radius":3.0},{"color":[1.0,1.0,1.0],"intensity":2.0,"offset":[-2.1750002,-2.1750002,2.4],"radius":3.0},{"color":[1.0,1.0,1.0],"intensity":2.0,"offset":[-2.1750002,2.1750002,2.4],"radius":3.0},{"bone":"bone_rotor02","color":[1.0,1.0,1.0],"intensity":1.0,"offset":[0,-1.2450001,0.69],"radius":4.5},{"bone":"bone_rotor02","color":[1.0,1.0,1.0],"intensity":1.0,"offset":[-1.077,0.624,0.69],"radius":4.5},{"bone":"bone_rotor02","color":[1.0,1.0,1.0],"intensity":1.0,"offset":[1.077,0.624,0.69],"radius":4.5},{"color":[1.0,0.0,0.0],"intensity":2.0,"offset":[0,2.229,6.8910003],"radius":4.0}],"max_health":13500,"mesh_bounds":[6,6,7.05],"model":[{"animations":{"idle":"/pa/units/land/energy_plant_adv/energy_plant_adv_anim_workX.papa"},"animtree":"/pa/anim/anim_trees/constant_idle_anim_tree.json","filename":"/pa/units/land/energy_plant_adv/energy_plant_advX.papa","layer":"WL_LandHorizontal","skirt_decal":"/pa/effects/specs/skirt_energy_adv.json"},{"animations":{"idle":"/pa/units/land/energy_plant_adv/energy_plant_adv_anim_workX.papa"},"animtree":"/pa/anim/anim_trees/constant_idle_anim_tree.json","filename":"/pa/units/sea/sea_energy_plant_adv/sea_energy_plant_advX.papa","layer":"WL_WaterSurface"}],"production":{"energy":5000},"recon":{"observer":{"items":[{"channel":"sight","layer":"surface_and_air","radius":100,"shape":"capsule"}]}},"spawn_layers":"WL_AnyHorizontalGroundOrWaterSurface","unit_types":["UNITTYPE_Structure","UNITTYPE_EnergyProduction","UNITTYPE_Advanced","UNITTYPE_FabAdvBuild","UNITTYPE_Economy"]}