{"TEMP_texelinfo":6.39639,"attachable":{"offsets":{"head":[0,0,1.5900002],"root":[0,0,0]}},"audio":{"loops":{"move":{"cue":"/SE/Movement/bot/T2_assault_loop","flag":"vel_changed","should_start_func":"is_moving","should_stop_func":"is_not_moving"}},"selection_response":{"cue":"/SE/Selection/bot/T2_assault"}},"base_spec":"/pa/units/land/base_bot/base_bot.json","build_metal_cost":600,"description":"!LOC(units:assault_bot_equipped_with_advanced_anti_land_and_anti_ship_lasers.message):Assault bot- Equipped with advanced anti-land and anti-ship lasers.","display_name":"!LOC(units:slammer.message):Slammer","events":{"build_complete":{"audio_cue":"/SE/Build_Complete/bot","effect_scale":0.3},"died":{"audio_cue":"/SE/Death/Bot","effect_scale":0.45000002},"fired":{"audio_cue":"/SE/Weapons/bot/assault_adv_fire","effect_spec":"/pa/effects/specs/default_small_muzzle_flash.pfx socket_rightMuzzle /pa/effects/specs/default_small_muzzle_flash.pfx socket_leftMuzzle","effect_scale":0.3}},"guard_layer":"WL_AnySurface","guard_radius":110,"max_health":400,"mesh_bounds":[2.7,1.35,1.8000001],"model":{"animations":{"aim_down":"/pa/units/land/assault_bot_adv/assault_bot_adv_anim_aimDownX.papa","aim_up":"/pa/units/land/assault_bot_adv/assault_bot_adv_anim_aimUpX.papa","death01":"/pa/units/land/assault_bot_adv/assault_bot_adv_anim_death01X.papa","idle":"/pa/units/land/assault_bot_adv/assault_bot_adv_anim_idleX.papa","walk":"/pa/units/land/assault_bot_adv/assault_bot_adv_anim_runX.papa"},"animtree":"/pa/anim/anim_trees/bipedal_mech_anim_tree.json","filename":"/pa/units/land/assault_bot_adv/assault_bot_advX.papa","walk_speed":12},"navigation":{"acceleration":120,"brake":120,"move_speed":12,"turn_speed":720,"type":"amphibious"},"physics":{"push_class":2,"radius":1.0500001},"recon":{"observer":{"items":[{"channel":"sight","layer":"surface_and_air","radius":85,"shape":"capsule"}]}},"tools":[{"aim_bone":"bone_turret","muzzle_bone":["socket_rightMuzzle","socket_leftMuzzle"],"spec_id":"/pa/units/land/assault_bot_adv/assault_bot_adv_tool_weapon.json"},{"aim_bone":"bone_turret","muzzle_bone":["socket_rightMuzzle","socket_leftMuzzle"],"show_range":false,"spec_id":"/pa/units/land/assault_bot_adv/assault_bot_adv_torpedo_tool_weapon.json"}],"transportable":{"size":1},"unit_types":["UNITTYPE_Bot","UNITTYPE_Mobile","UNITTYPE_Offense","UNITTYPE_Land","UNITTYPE_Advanced","UNITTYPE_FactoryBuild"]}