{"TEMP_texelinfo":7.96209,"audio":{"loops":{"move":{"cue":"/SE/Movement/air/air_fighter_loop","flag":"vel_changed","should_start_func":"is_moving","should_stop_func":"is_not_moving"}},"selection_response":{"cue":"/SE/Selection/air/fighter"}},"base_spec":"/pa/units/air/base_flyer/base_flyer.json","build_metal_cost":960,"description":"!LOC(units:fighter_equipped_with_advanced_anti_air_missiles.message):Fighter- Equipped with advanced anti-air missiles.","display_name":"!LOC(units:peregrine.message):Peregrine","events":{"build_complete":{"audio_cue":"/SE/Build_Complete/air","effect_scale":0.5},"died":{"audio_cue":"/SE/Death/Air","effect_spec":"/pa/units/air/missile_nuke/missile_nuke_implosion.pfx","effect_scale":0.5},"fired":{"audio_cue":"/SE/Weapons/air/fighter_fire","effect_scale":0.5}},"fx_offsets":[{"filename":"/pa/units/air/fighter_adv/fighter_adv_jets.pfx","offset":[0,2.175,0.418],"type":"moving_forward"}],"guard_layer":"WL_Air","guard_radius":200,"max_health":350,"mesh_bounds":[2.25,4.6,2],"model":{"animations":{"landed":"/pa/units/air/fighter_adv/fighter_adv_anim_landedX.papa"},"animtree":"/pa/anim/anim_trees/fighter_adv_anim_tree.json","filename":"/pa/units/air/fighter_adv/fighter_advX.papa"},"navigation":{"acceleration":75,"aggressive_distance":50.0,"bank_factor":10,"brake":75,"move_speed":75,"turn_speed":180,"type":"air"},"physics":{"gravity_scalar":1,"push_class":2,"radius":3},"recon":{"observer":{"items":[{"channel":"sight","layer":"surface_and_air","radius":150,"shape":"capsule"}]}},"tools":[{"aim_bone":"bone_root","muzzle_bone":["bone_leftWing","bone_rightWing"],"spec_id":"/pa/units/air/fighter_adv/fighter_adv_tool_weapon.json"}],"unit_types":["UNITTYPE_Fighter","UNITTYPE_Air","UNITTYPE_Mobile","UNITTYPE_Offense","UNITTYPE_Advanced"]}