{"TEMP_texelinfo":5.32966,"attachable":{"offsets":{"head":[0,0,2.22],"root":[0,0,0]}},"audio":{"loops":{"move":{"cue":"/SE/Movement/bot/sniper_loop","flag":"vel_changed","should_start_func":"is_moving","should_stop_func":"is_not_moving"}},"selection_response":{"cue":"/SE/Selection/bot/sniper"}},"base_spec":"/pa/units/land/base_bot/base_bot.json","build_metal_cost":1200,"description":"!LOC(units:sniper_long_range_advanced_anti_land_and_anti_ship_bot.message):Sniper- Long range advanced anti-land, and anti-ship bot.","display_name":"!LOC(units:gil_e.message):Gil-E","events":{"build_complete":{"audio_cue":"/SE/Build_Complete/bot","effect_scale":0.3},"died":{"audio_cue":"/SE/Death/Bot","effect_scale":0.45000002},"fired":{"audio_cue":"/SE/Weapons/bot/sniper_fire","effect_spec":"/pa/effects/specs/tank_muzzle_flash.pfx socket_muzzle","effect_scale":0.3}},"guard_layer":"WL_AnySurface","guard_radius":140,"max_health":200,"mesh_bounds":[1.95,2.1000001,2.28],"model":{"animations":{"aimDown":"/pa/units/land/bot_sniper/bot_sniper_anim_aimDownX.papa","aimUp":"/pa/units/land/bot_sniper/bot_sniper_anim_aimUpX.papa","death":"/pa/units/land/bot_sniper/bot_sniper_anim_deathX.papa","idle":"/pa/units/land/bot_sniper/bot_sniper_anim_idleX.papa","walk":"/pa/units/land/bot_sniper/bot_sniper_anim_walkX.papa"},"animtree":"/pa/anim/anim_trees/bot_sniper_anim_tree.json","filename":"/pa/units/land/bot_sniper/bot_sniperX.papa","walk_speed":12},"navigation":{"acceleration":120,"brake":120,"group_preference":"back","move_speed":12,"turn_speed":720,"type":"land-small"},"nearby_target_tick_update_interval":15,"physics":{"push_class":2,"radius":1.0500001},"recon":{"observer":{"items":[{"channel":"sight","layer":"surface_and_air","radius":180,"shape":"capsule"}]}},"tools":[{"aim_bone":"bone_turret","muzzle_bone":"socket_muzzle","spec_id":"/pa/units/land/bot_sniper/bot_sniper_tool_weapon.json"},{"aim_bone":"bone_turret","muzzle_bone":"socket_muzzle","spec_id":"/pa/units/land/bot_sniper/bot_sniper_beam_tool_weapon.json"}],"transportable":{"size":1},"unit_types":["UNITTYPE_Bot","UNITTYPE_Mobile","UNITTYPE_Offense","UNITTYPE_Land","UNITTYPE_Artillery","UNITTYPE_Advanced","UNITTYPE_FactoryBuild"]}