{"TEMP_texelinfo":25.0,"attachable":{"offsets":{"root":[0,0,0]}},"base_spec":"/pa/units/orbital/base_orbital/base_orbital.json","build_metal_cost":2800,"command_caps":["ORDER_Move","ORDER_Patrol","ORDER_Assist"],"description":"!LOC(units:manufacturing_orbital_energy_generation.message):Manufacturing- Orbital energy generation.","display_name":"!LOC(units:solar_array.message):Solar Array","events":{"build_complete":{"audio_cue":"/SE/Build_Complete/orbital"},"died":{"audio_cue":"/SE/Death/orbital","effect_scale":1.5},"fired":{"audio_cue":"/SE/Weapons/air/bomber_fire"}},"max_health":2500,"mesh_bounds":[25,7.5,3],"model":{"animations":{"closed":"/pa/units/orbital/solar_array/solar_array_anim_closed.papa","deploy":"/pa/units/orbital/solar_array/solar_array_anim_deploy.papa","open":"/pa/units/orbital/solar_array/solar_array_anim_open.papa"},"animtree":"/pa/anim/anim_trees/satellite_launched_anim_tree.json","filename":"/pa/units/orbital/solar_array/solar_array.papa"},"navigation":{"acceleration":10,"brake":10,"hover_time":-1.0,"move_speed":10,"turn_speed":45,"type":"orbital"},"physics":{"gravity_scalar":0.001,"push_class":25,"radius":8},"production":{"energy":4000},"recon":{"observer":{"items":[{"channel":"sight","layer":"orbital","radius":100,"shape":"sphere"}]}},"spawn_layers":"WL_Orbital","unit_types":["UNITTYPE_Mobile","UNITTYPE_Orbital","UNITTYPE_EnergyProduction","UNITTYPE_Economy","UNITTYPE_Advanced","UNITTYPE_FactoryBuild"]}