{"TEMP_texelinfo":6.38729,"attachable":{"offsets":{"head":[0,0.15,1.5],"root":[0,0,0]}},"audio":{"loops":{"build":{"cue":"/SE/Construction/Fab_contruction_beam_loop","flag":"build_target_changed","should_start_func":"has_build_target","should_stop_func":"no_build_target"},"move":{"cue":"/SE/Movement/veh/fab_loop_T2","flag":"vel_changed","should_start_func":"is_moving","should_stop_func":"is_not_moving"}},"selection_response":{"cue":"/SE/Selection/veh/fab_T2"}},"base_spec":"/pa/units/land/base_vehicle/base_vehicle.json","build_metal_cost":2100,"buildable_types":"Structure & Land & Advanced - Factory | Factory & Land & Tank & Advanced | FabAdvBuild | FabBuild","command_caps":["ORDER_Move","ORDER_Patrol","ORDER_Build","ORDER_Reclaim","ORDER_Repair","ORDER_Assist","ORDER_Use"],"description":"!LOC(units:advanced_fabricator_wired_to_build_structures.message):Advanced fabricator- Wired to build structures.","display_name":"!LOC(units:advanced_fabrication_vehicle.message):Advanced Fabrication Vehicle","events":{"build_complete":{"audio_cue":"/SE/Build_Complete/fab","effect_scale":0.3},"died":{"audio_cue":"/SE/Death/Veh","effect_scale":0.52500004}},"fx_offsets":[{"bone":"socket_muzzle","filename":"/pa/effects/specs/fab_spray.pfx","offset":[0,0,0],"orientation":[0,0,0],"type":"build"}],"guard_layer":"WL_LandHorizontal","guard_radius":60,"max_health":150,"mesh_bounds":[1.5600001,1.8000001,1.38],"model":{"animations":{"death01":"/pa/units/land/fabrication_vehicle_adv/fabrication_vehicle_adv_anim_death01X.papa","drive":"/pa/units/land/fabrication_vehicle_adv/fabrication_vehicle_adv_anim_driveX.papa"},"animtree":"/pa/anim/anim_trees/turret_wheels_anim_tree.json","arrows":5,"filename":"/pa/units/land/fabrication_vehicle_adv/fabrication_vehicle_advX.papa"},"navigation":{"acceleration":120,"brake":120,"group_preference":"back","move_speed":12,"turn_speed":360,"type":"land-small"},"physics":{"allow_pushing":true,"push_class":101,"radius":0.90000004},"recon":{"observer":{"items":[{"channel":"sight","layer":"surface_and_air","radius":100,"shape":"capsule"}]}},"tools":[{"aim_bone":"bone_root","spec_id":"/pa/units/land/fabrication_vehicle_adv/fabrication_vehicle_adv_build_arm.json"}],"transportable":{"size":1},"unit_types":["UNITTYPE_Fabber","UNITTYPE_Construction","UNITTYPE_Tank","UNITTYPE_Mobile","UNITTYPE_Land","UNITTYPE_Advanced","UNITTYPE_FactoryBuild"]}