{"TEMP_texelinfo":16.9774,"area_build_separation":200,"area_build_type":"Sphere","atrophy_cool_down":15.0,"atrophy_rate":80.0,"audio":{"selection_response":{"cue":"/SE/Selection/structure/radar"}},"base_spec":"/pa/units/land/base_structure/base_structure.json","build_metal_cost":4800,"consumption":{"energy":4500},"description":"!LOC(units:advanced_radar_detects_nearby_enemy_land_sea_and_air_units.message):Advanced radar- Detects nearby enemy land, sea, and air units.","display_name":"!LOC(units:advanced_radar.message):Advanced Radar","energy_efficiency_requirement":0.9,"events":{"build_complete":{"audio_cue":"/SE/Build_Complete/radar","effect_scale":0.5},"died":{"audio_cue":"/SE/Death/radar","effect_scale":0.45}},"lamps":[{"bone":"bone_elbow","color":[1.0,1.0,1.0],"intensity":2.0,"offset":[0,0.62,0.025],"radius":3.0}],"max_health":1500,"mesh_bounds":[4.292795,3.856275,14.5],"model":[{"animations":{"end":"/pa/units/land/radar_adv/radar_adv_anim_endX.papa","loop":"/pa/units/land/radar_adv/radar_adv_anim_loopX.papa","start":"/pa/units/land/radar_adv/radar_adv_anim_startX.papa"},"animtree":"/pa/anim/anim_trees/powered_loop_anim_tree.json","filename":"/pa/units/land/radar_adv/radar_advX.papa","layer":"WL_LandHorizontal","skirt_decal":"/pa/effects/specs/skirt_radar_adv.json"},{"animations":{"end":"/pa/units/land/radar_adv/radar_adv_anim_endX.papa","loop":"/pa/units/land/radar_adv/radar_adv_anim_loopX.papa","start":"/pa/units/land/radar_adv/radar_adv_anim_startX.papa"},"animtree":"/pa/anim/anim_trees/powered_loop_anim_tree.json","filename":"/pa/units/sea/radar_adv/radar_advX.papa","layer":"WL_WaterSurface"}],"physics":{"collision_layers":"WL_AnySurface"},"recon":{"observer":{"items":[{"channel":"sight","layer":"surface_and_air","radius":300,"shape":"capsule","uses_energy":true},{"channel":"radar","layer":"surface_and_air","radius":1200,"shape":"capsule","uses_energy":true},{"channel":"radar","layer":"orbital","radius":1200,"shape":"capsule","uses_energy":true},{"channel":"sight","layer":"orbital","radius":300,"shape":"capsule","uses_energy":true}]}},"spawn_layers":"WL_AnySurface","unit_types":["UNITTYPE_Land","UNITTYPE_Structure","UNITTYPE_Advanced","UNITTYPE_Recon","UNITTYPE_FabAdvBuild"]}