{"TEMP_texelinfo":5.11028,"attachable":{"offsets":{"head":[0,0,2.7],"root":[0,0,0]}},"audio":{"loops":{"build":{"cue":"/SE/Construction/Fab_contruction_beam_loop","flag":"build_target_changed","should_start_func":"has_build_target","should_stop_func":"no_build_target"},"move":{"cue":"/SE/Movement/bot/fab_combat_loop","flag":"vel_changed","should_start_func":"is_moving","should_stop_func":"is_not_moving"}},"selection_response":{"cue":"/SE/Selection/bot/fab_combat"}},"base_spec":"/pa/units/land/base_bot/base_bot.json","build_metal_cost":720,"buildable_types":"CombatFabBuild","can_only_assist_with_buildable_items":true,"command_caps":["ORDER_Move","ORDER_Patrol","ORDER_Build","ORDER_Reclaim","ORDER_Repair","ORDER_Assist","ORDER_Use"],"description":"!LOC(units:basic_fabricator_combatant_wired_to_build_mines_and_repair_units_can_only_build_units_for_which_it_has_a_blueprint.message):Basic fabricator combatant- Wired to build mines and repair units. Can only build units for which it has a blueprint.","display_name":"!LOC(units:combat_fabrication_bot.message):Combat Fabrication Bot","events":{"build_complete":{"audio_cue":"/SE/Build_Complete/fab","effect_scale":0.5},"died":{"audio_cue":"/SE/Death/Bot","effect_scale":0.5}},"fx_offsets":[{"bone":"socket_muzzle","filename":"/pa/effects/specs/fab_combat_spray.pfx","offset":[0,0,0],"orientation":[0,0,0],"type":"build"}],"guard_layer":"WL_LandHorizontal","guard_radius":50,"max_health":50,"mesh_bounds":[1.85,2.25,2.75],"model":{"animations":{"death01":"/pa/units/land/fabrication_bot_combat/fabrication_bot_combat_anim_death01X.papa","idle":"/pa/units/land/fabrication_bot_combat/fabrication_bot_combat_anim_idleX.papa","walk":"/pa/units/land/fabrication_bot_combat/fabrication_bot_combat_anim_runX.papa"},"animtree":"/pa/anim/anim_trees/fabrication_bot_combat_anim_tree.json","filename":"/pa/units/land/fabrication_bot_combat/fabrication_bot_combatX.papa","walk_speed":12},"navigation":{"acceleration":120,"brake":120,"group_preference":"back","move_speed":12,"turn_speed":720,"type":"amphibious"},"physics":{"allow_pushing":true,"push_class":2,"radius":1},"recon":{"observer":{"items":[{"channel":"sight","layer":"surface_and_air","radius":100,"shape":"capsule"}]}},"tools":[{"aim_bone":"bone_root","spec_id":"/pa/units/land/fabrication_bot_combat/fabrication_bot_combat_build_arm.json"}],"transportable":{"size":1},"unit_types":["UNITTYPE_Construction","UNITTYPE_Bot","UNITTYPE_Mobile","UNITTYPE_Offense","UNITTYPE_Land","UNITTYPE_Basic","UNITTYPE_FactoryBuild"]}