{"TEMP_texelinfo":5.84968,"audio":{"loops":{"move":{"cue":"/SE/Movement/veh/tank_hover_loop","flag":"vel_changed","should_start_func":"is_moving","should_stop_func":"is_not_moving"}}},"base_spec":"/pa/units/land/base_vehicle/base_vehicle.json","build_metal_cost":225,"description":"!LOC(units:tank_anti_land_and_anti_ship_guns.message):Tank: Anti-land and anti-ship guns","display_name":"!LOC(units:ant.message):Ant","events":{"build_complete":{"audio_cue":"/SE/Build_Complete/veh","effect_scale":0.3},"died":{"audio_cue":"/SE/Death/Veh","effect_scale":0.3},"fired":{"audio_cue":"/SE/Weapons/veh/tank_light_fire","effect_spec":"/pa/effects/specs/tank_muzzle_flash.pfx socket_muzzle","effect_scale":0.3}},"guard_layer":"WL_LandHorizontal","guard_radius":120,"headlights":[{"color":[0.9,0.92,1.0],"far_distance":20.0,"gobo":"/pa/effects/textures/gobo/spotlight_gobo.papa","intensity":1.4,"near_distance":1.2,"near_height":2.0,"near_width":2.0,"offset":[0,-0.3,0.45000002],"orientation":[0.0,65.0,0.0]}],"max_health":125,"mesh_bounds":[1.481307,2.271579,0.8050501],"model":{"animtree":"/pa/anim/anim_trees/turret_anim_tree.json","arrows":5,"filename":"/pa/units/land/tank_hover/tank_hoverX.papa"},"navigation":{"acceleration":7,"brake":7,"dodge_multiplier":1.0,"dodge_radius":15,"move_speed":7,"turn_speed":60,"type":"land-small","wobble_factor":0.1,"wobble_speed":0.2},"physics":{"air_friction":0.5,"push_class":2,"radius":0.90000004},"recon":{"observer":{"items":[{"channel":"sight","layer":"surface_and_air","radius":100,"shape":"capsule"}]}},"tools":[{"aim_bone":"socket_aim","muzzle_bone":"socket_muzzle","spec_id":"/pa/units/land/tank_hover/tank_hover_tool_weapon.json"}],"unit_types":["UNITTYPE_Tank","UNITTYPE_Mobile","UNITTYPE_Offense","UNITTYPE_Land","UNITTYPE_Basic"],"wreckage_health_frac":1.0}