{"TEMP_texelinfo":4.03457,"attachable":{"offsets":{"head":[0,-0.1,0.8],"root":[0,0,0]}},"audio":{"loops":{"move":{"cue":"/SE/Movement/veh/land_scout_loop","flag":"vel_changed","should_start_func":"is_moving","should_stop_func":"is_not_moving"}},"selection_response":{"cue":"/SE/Selection/veh/land_scout"}},"base_spec":"/pa/units/land/base_vehicle/base_vehicle.json","build_metal_cost":75,"command_caps":["ORDER_Move","ORDER_Patrol","ORDER_Assist","ORDER_Use"],"description":"!LOC(units:scout_weak_fast_speed.message):Scout- Weak, fast speed.","display_name":"!LOC(units:skitter.message):Skitter","events":{"build_complete":{"audio_cue":"/SE/Build_Complete/veh","effect_scale":0.5},"died":{"audio_cue":"/SE/Death/Veh_small","effect_scale":0.5},"fired":{"audio_cue":"/SE/Weapons/veh/land_scout_fire","effect_spec":"/pa/effects/specs/default_small_muzzle_flash.pfx socket_muzzle","effect_scale":0.5}},"max_health":10,"mesh_bounds":[1.75,2.25,1],"model":{"animations":{"drive":"/pa/units/land/land_scout/land_scout_anim_driveX.papa"},"animtree":"/pa/anim/anim_trees/land_scout_anim_tree.json","arrows":5,"filename":"/pa/units/land/land_scout/land_scoutX.papa"},"navigation":{"acceleration":250,"brake":250,"move_speed":25,"turn_speed":360,"type":"land-small"},"physics":{"push_class":50,"radius":1.5},"recon":{"observer":{"items":[{"channel":"sight","layer":"surface_and_air","radius":200,"shape":"capsule"}]}},"transportable":{"size":1},"unit_types":["UNITTYPE_Tank","UNITTYPE_Scout","UNITTYPE_Mobile","UNITTYPE_Land","UNITTYPE_Basic","UNITTYPE_FactoryBuild"]}