{"TEMP_texelinfo":5.47132,"attachable":{"offsets":{"head":[0,0.09,0.90000004],"root":[0,0,0]}},"audio":{"loops":{"move":{"cue":"/SE/Movement/bot/aa_loop","flag":"vel_changed","should_start_func":"is_moving","should_stop_func":"is_not_moving"}}},"base_spec":"/pa/units/land/base_vehicle/base_vehicle.json","build_metal_cost":90,"description":"!LOC(units:combat_bot_equipped_with_basic_anti_air_missiles.message):Combat bot- Equipped with basic anti-air missiles.","display_name":"!LOC(units:stinger.message):Stinger","events":{"build_complete":{"audio_cue":"/SE/Build_Complete/bot","effect_scale":0.3},"died":{"audio_cue":"/SE/Death/bot","effect_scale":0.18},"fired":{"audio_cue":"/SE/Weapons/bot/bot_aa_fire","effect_spec":"/pa/effects/specs/default_muzzle_flash.pfx socket_leftMuzzle /pa/effects/specs/default_muzzle_flash.pfx socket_rightMuzzle","effect_scale":0.3}},"guard_layer":"WL_Air","guard_radius":120,"max_health":80,"mesh_bounds":[1.35,0.90000004,1.14],"model":{"animations":{"aim_down":"/pa/units/land/bot_aa/bot_aa_anim_aimDownX.papa","aim_up":"/pa/units/land/bot_aa/bot_aa_anim_aimUpX.papa","death01":"/pa/units/land/bot_aa/bot_aa_anim_death01X.papa","idle":"/pa/units/land/bot_aa/bot_aa_anim_idleX.papa","walk":"/pa/units/land/bot_aa/bot_aa_anim_runX.papa"},"animtree":"/pa/anim/anim_trees/bot_aa_anim_tree.json","arrows":5,"filename":"/pa/units/land/bot_aa/bot_aaX.papa","walk_speed":11.2},"navigation":{"acceleration":120,"brake":120,"move_speed":12,"turn_speed":720,"type":"land-small"},"nearby_target_tick_update_interval":3,"physics":{"push_class":2,"radius":0.675},"recon":{"observer":{"items":[{"channel":"sight","layer":"surface_and_air","radius":100,"shape":"capsule"}]}},"tools":[{"aim_bone":"bone_turret","muzzle_bone":["socket_rightMuzzle","socket_leftMuzzle"],"spec_id":"/pa/units/land/bot_aa/bot_aa_tool_weapon.json"}],"transportable":{"size":1},"unit_types":["UNITTYPE_Bot","UNITTYPE_Mobile","UNITTYPE_Offense","UNITTYPE_AirDefense","UNITTYPE_Land","UNITTYPE_Basic"]}