{"TEMP_texelinfo":6.1803,"audio":{"loops":{"move":{"cue":"/SE/Movement/air/air_fighter_loop","flag":"vel_changed","should_start_func":"is_moving","should_stop_func":"is_not_moving"}},"selection_response":{"cue":"/SE/Selection/air/fighter"}},"base_spec":"/pa/units/air/base_flyer/base_flyer.json","build_metal_cost":180,"description":"!LOC(units:fighter_equipped_with_basic_anti_air_missiles.message):Fighter- Equipped with basic anti-air missiles.","display_name":"!LOC(units:hummingbird.message):Hummingbird","events":{"build_complete":{"audio_cue":"/SE/Build_Complete/air","effect_scale":0.3},"died":{"audio_cue":"/SE/Death/Air","effect_scale":0.3},"fired":{"audio_cue":"/SE/Weapons/air/fighter_fire","effect_scale":0.3}},"fx_offsets":[{"filename":"/pa/units/air/fighter/fighter_jets.pfx","offset":[0,0.87000006,0.2508],"type":"moving_forward"}],"guard_layer":"WL_Air","guard_radius":200,"max_health":200,"mesh_bounds":[2.7,1.95,0.93],"model":{"arrows":5,"filename":"/pa/units/air/fighter/fighterX.papa"},"navigation":{"acceleration":90,"aggressive_distance":50.0,"bank_factor":10,"brake":90,"move_speed":90,"turn_speed":270,"type":"air"},"physics":{"gravity_scalar":1,"push_class":2,"radius":1.8000001},"recon":{"observer":{"items":[{"channel":"sight","layer":"surface_and_air","radius":150,"shape":"capsule"}]}},"tools":[{"aim_bone":"bone_root","muzzle_bone":"bone_root","spec_id":"/pa/units/air/fighter/fighter_tool_weapon.json"}],"unit_types":["UNITTYPE_Fighter","UNITTYPE_Air","UNITTYPE_Mobile","UNITTYPE_Offense","UNITTYPE_Basic","UNITTYPE_FactoryBuild"]}