{"TEMP_texelinfo":7.58193,"area_build_separation":0.5,"atrophy_cool_down":15.0,"atrophy_rate":0.416667,"base_spec":"/pa/units/land/base_structure/base_structure.json","build_metal_cost":25,"description":"!LOC(units:basic_defense_no_weapon_high_health.message):Basic defense- No weapon, high health.","display_name":"!LOC(units:wall.message):Wall","events":{"build_complete":{"audio_cue":"/SE/Build_Complete/barrier","effect_scale":0.3},"died":{"audio_cue":"/SE/Death/barrier","effect_scale":0.375,"effect_spec":"/pa/effects/specs/default_explosion.pfx"}},"max_health":5000,"mesh_bounds":[1.5,1.5,2.1000001],"model":[{"filename":"/pa/units/land/land_barrier/land_barrierX.papa","layer":"WL_LandHorizontal"},{"filename":"/pa/units/sea/sea_barrier/sea_barrierX.papa","layer":"WL_WaterSurface"}],"physics":{"air_friction":1.0,"allow_pushing":false,"allow_underground":false,"collision_layers":"WL_AnyHorizontalGroundOrWaterSurface","ignore_collisions":false,"push_class":255,"push_sideways":false,"radius":0.3,"shape":"Box","type":"Structure"},"placement_size":[1.2,1.2],"recon":{"observer":{"items":[{"channel":"sight","layer":"surface_and_air","radius":1,"shape":"capsule"}]}},"spawn_layers":"WL_AnyHorizontalGroundOrWaterSurface","unit_types":["UNITTYPE_Structure","UNITTYPE_Basic","UNITTYPE_Wall","UNITTYPE_FabBuild","UNITTYPE_FabAdvBuild","UNITTYPE_CmdBuild","UNITTYPE_CombatFabAdvBuild"],"wreckage_health_frac":0.0}