{"TEMP_texelinfo":2.37699,"area_build_separation":1.0,"area_build_type":"Sphere","build_metal_cost":20,"description":"!LOC(units:land_mine_detonates_when_enemy_units_are_in_proximity.message):Land mine- Detonates when enemy units are in proximity.","display_name":"!LOC(units:land_mine.message):Land Mine","events":{"build_complete":{"audio_cue":"/SE/Build_Complete/barrier","effect_scale":0.5},"died":{"audio_cue":"/SE/Death/barrier","effect_spec":"/pa/units/land/bot_bomb/bot_bomb_ammo_explosion.pfx","effect_scale":0.5}},"max_health":5,"mesh_bounds":[2,2,0.5],"model":[{"filename":"/pa/units/land/land_mine/land_mineX.papa","layer":"WL_LandHorizontal"},{"filename":"/pa/units/sea/sea_mine/sea_mineX.papa","layer":"WL_WaterSurface"}],"recon":{"observable":{"ignore_sight":true,"layer":"surface_and_air"},"observer":{"items":[{"channel":"radar","layer":"surface_and_air","radius":2,"shape":"sphere"}]}},"spawn_layers":"WL_AnyHorizontalGroundOrWaterSurface","strategic_icon_priority":3,"tools":[{"aim_bone":"bone_root","muzzle_bone":"bone_root","spec_id":"/pa/units/land/land_mine/land_mine_tool_weapon.json"}],"unit_types":["UNITTYPE_Basic","UNITTYPE_Land","UNITTYPE_Defense","UNITTYPE_CombatFabBuild","UNITTYPE_CombatFabAdvBuild"],"wreckage_health_frac":0.0}