{"TEMP_texelinfo":10.3794,"attachable":{"offsets":{"head":[0,0,1.0200001],"root":[0,0,0]}},"audio":{"loops":{"move":{"cue":"/SE/Movement/veh/tank_leveler_loop_T2","flag":"vel_changed","should_start_func":"is_moving","should_stop_func":"is_not_moving"}},"selection_response":{"cue":"/SE/Selection/veh/tank_leveler_T2"}},"base_spec":"/pa/units/land/base_vehicle/base_vehicle.json","build_metal_cost":600,"description":"!LOC(units:laser_tank_equipped_with_advanced_anti_land_and_anti_ship_guns.message):Laser tank- Equipped with advanced anti-land and anti-ship guns.","display_name":"!LOC(units:leveler.message):Leveler","events":{"build_complete":{"audio_cue":"/SE/Build_Complete/veh","effect_scale":0.3},"died":{"audio_cue":"/SE/Death/Veh","effect_scale":0.48000002},"fired":{"audio_cue":"/SE/Weapons/veh/tank_T2_leveler","effect_spec":"/pa/effects/specs/tank_muzzle_flash.pfx socket_leftMuzzle /pa/effects/specs/tank_muzzle_flash.pfx socket_rightMuzzle","effect_scale":0.3}},"guard_layer":"WL_LandHorizontal","guard_radius":125,"max_health":1000,"mesh_bounds":[2.0400002,2.25,1.08],"model":{"animtree":"/pa/anim/anim_trees/tank_laser_adv_anim_tree.json","arrows":5,"filename":"/pa/units/land/tank_laser_adv/tank_laser_advX.papa"},"navigation":{"acceleration":100,"brake":100,"move_speed":10,"turn_speed":90,"type":"land-small"},"physics":{"push_class":70,"radius":1.5},"recon":{"observer":{"items":[{"channel":"sight","layer":"surface_and_air","radius":100,"shape":"capsule"}]}},"tools":[{"aim_bone":"socket_aim","muzzle_bone":"socket_leftMuzzle","spec_id":"/pa/units/land/tank_laser_adv/tank_laser_adv_tool_weapon.json"},{"aim_bone":"socket_aim","muzzle_bone":"socket_rightMuzzle","spec_id":"/pa/units/land/tank_laser_adv/tank_laser_adv_tool_weapon.json"}],"transportable":{"size":1},"unit_types":["UNITTYPE_Tank","UNITTYPE_Mobile","UNITTYPE_Offense","UNITTYPE_Land","UNITTYPE_Advanced","UNITTYPE_FactoryBuild"]}