{"TEMP_texelinfo":15.3609,"area_build_separation":18,"atrophy_cool_down":15.0,"atrophy_rate":15.0,"base_spec":"/pa/units/land/base_structure/base_structure.json","build_metal_cost":900,"command_caps":["ORDER_Attack"],"description":"!LOC(units:advanced_turret_equipped_with_direct_fire_anti_land_and_anti_ship_defenses.message):Advanced turret- Equipped with direct fire anti-land, and anti-ship defenses.","display_name":"!LOC(units:advanced_laser_defense_tower.message):Advanced Laser Defense Tower","events":{"build_complete":{"audio_cue":"/SE/Build_Complete/structure_small","effect_scale":0.3},"died":{"audio_cue":"/SE/Death/structure_small","effect_scale":0.22500001},"fired":{"audio_cue":"/SE/Weapons/structure/laser_defense_ADV_fire","effect_spec":"/pa/effects/specs/default_muzzle_flash.pfx socket_rightMuzzle /pa/effects/specs/default_muzzle_flash.pfx socket_centerMuzzle /pa/effects/specs/default_muzzle_flash.pfx socket_leftMuzzle","effect_scale":0.3}},"guard_layer":"WL_AnySurface","guard_radius":130,"max_health":4000,"mesh_bounds":[2.4,2.4,6.9],"model":[{"animtree":"/pa/anim/anim_trees/defense_turret_adv_anim_tree.json","filename":"/pa/units/land/laser_defense_adv/laser_defense_advX.papa","layer":"WL_LandHorizontal","skirt_decal":"/pa/effects/specs/skirt_defense_adv.json"},{"animtree":"/pa/anim/anim_trees/defense_turret_adv_anim_tree.json","filename":"/pa/units/sea/floating_laser_adv/floating_laser_advX.papa","layer":"WL_WaterSurface"}],"recon":{"observer":{"items":[{"channel":"sight","layer":"surface_and_air","radius":130,"shape":"capsule"}]}},"spawn_layers":"WL_AnyHorizontalGroundOrWaterSurface","tools":[{"aim_bone":"bone_pitch","muzzle_bone":["socket_rightMuzzle","socket_centerMuzzle","socket_leftMuzzle"],"spec_id":"/pa/units/land/laser_defense_adv/laser_defense_adv_tool_weapon.json"}],"unit_types":["UNITTYPE_Structure","UNITTYPE_Advanced","UNITTYPE_Land","UNITTYPE_SurfaceDefense","UNITTYPE_Defense","UNITTYPE_FabAdvBuild"]}