{"TEMP_texelinfo":10.0158,"atrophy_cool_down":15.0,"atrophy_rate":3.0,"base_spec":"/pa/units/land/base_structure/base_structure.json","build_metal_cost":180,"consumption":{"energy":300},"description":"!LOC(units:basic_sonar_detects_underwater_units.message):Basic sonar- Detects underwater units.","display_name":"!LOC(units:sonar.message):Sonar","events":{"build_complete":{"audio_cue":"/SE/Build_Complete/sea","effect_scale":0.5},"died":{"audio_cue":"/SE/Death/Sea","effect_scale":0.5}},"max_health":500,"mesh_bounds":[4,2.75,2.25],"model":{"animations":{"idle":"/pa/units/sea/sonar/sonar_anim_workX.papa"},"animtree":"/pa/anim/anim_trees/constant_idle_anim_tree.json","filename":"/pa/units/sea/sonar/sonarX.papa"},"recon":{"observer":{"items":[{"channel":"sight","layer":"surface_and_air","radius":100,"shape":"capsule"}]}},"spawn_layers":"WL_WaterSurface","unit_types":["UNITTYPE_Structure","UNITTYPE_Recon"]}