{"TEMP_texelinfo":21.4256,"area_build_type":"Sphere","atrophy_cool_down":15.0,"atrophy_rate":7.5,"audio":{"selection_response":{"cue":"/SE/Selection/structure/metal"}},"base_spec":"/pa/units/land/base_structure/base_structure.json","build_metal_cost":450,"description":"!LOC(units:manufacturing_increases_maximum_metal_storage_capacity.message):Manufacturing- Increases maximum metal storage capacity.","display_name":"!LOC(units:metal_storage.message):Metal Storage","events":{"build_complete":{"audio_cue":"/SE/Build_Complete/metal","effect_scale":0.3},"died":{"audio_cue":"/SE/Death/Factory","effect_scale":0.24000001}},"headlights":[{"color":[1.0,1.0,1.0],"far_distance":25.0,"gobo":"/pa/effects/textures/gobo/spotlight_gobo.papa","intensity":2.0,"near_distance":5.0,"near_height":8,"near_width":8,"offset":[0,-2.8890002,3.9],"orientation":[0.0,23.0,0.0]}],"lamps":[{"color":[1.0,1.0,1.0],"intensity":1.0,"offset":[0.75,2.877,2.562],"radius":11.0},{"color":[1.0,1.0,1.0],"intensity":1.0,"offset":[-0.75,2.877,2.562],"radius":11.0},{"color":[1.0,1.0,1.0],"intensity":3.0,"offset":[0,-2.8890002,3.9],"radius":4.0}],"max_health":7500,"mesh_bounds":[5.4,5.4,5.1453],"model":[{"filename":"/pa/units/land/metal_storage/metal_storageX.papa","layer":"WL_LandHorizontal","skirt_decal":"/pa/effects/specs/skirt_metal.json"},{"filename":"/pa/units/sea/sea_metal_storage/sea_metal_storageX.papa","layer":"WL_WaterSurface"}],"recon":{"observer":{"items":[{"channel":"sight","layer":"surface_and_air","radius":100,"shape":"capsule"}]}},"spawn_layers":"WL_AnyHorizontalGroundOrWaterSurface","storage":{"metal":20000},"unit_types":["UNITTYPE_Structure","UNITTYPE_Basic","UNITTYPE_CmdBuild","UNITTYPE_FabBuild","UNITTYPE_FabAdvBuild","UNITTYPE_Economy"]}