{"TEMP_texelinfo":14.2924,"atrophy_cool_down":15.0,"atrophy_rate":108.0,"base_spec":"/pa/units/land/base_structure/base_structure.json","build_metal_cost":6480,"consumption":{"energy":2000},"description":"!LOC(units:advanced_sonar_detects_underwater_units.message):Advanced sonar- Detects underwater units.","display_name":"!LOC(units:advanced_sonar.message):Advanced Sonar","events":{"build_complete":{"audio_cue":"/SE/Build_Complete/sea","effect_scale":0.5},"died":{"audio_cue":"/SE/Death/Sea","effect_scale":0.5}},"max_health":1500,"mesh_bounds":[6,4,3],"model":{"animations":{"idle":"/pa/units/sea/sonar_adv/sonar_adv_anim_workX.papa"},"animtree":"/pa/anim/anim_trees/constant_idle_anim_tree.json","filename":"/pa/units/sea/sonar_adv/sonar_advX.papa"},"recon":{"observer":{"items":[{"channel":"sight","layer":"surface_and_air","radius":150,"shape":"capsule"}]}},"spawn_layers":"WL_WaterSurface","unit_types":["UNITTYPE_Structure","UNITTYPE_Recon"]}