{"TEMP_texelinfo":26.4194,"area_build_separation":75,"area_build_type":"Sphere","atrophy_cool_down":15.0,"atrophy_rate":60,"attachable":{"offsets":{"root":[0,0,0]}},"base_spec":"/pa/units/orbital/base_orbital_structure/base_orbital_structure.json","build_metal_cost":3600,"command_caps":["ORDER_Attack","ORDER_Assist"],"description":"!LOC(units:defense_satellite_heavy_orbital_offensive_and_defensive_platform_with_basic_laser.message):Defense satellite- Heavy orbital offensive and defensive platform with basic laser.","display_name":"!LOC(units:anchor.message):Anchor","events":{"build_complete":{"audio_cue":"/SE/Build_Complete/orbital"},"died":{"audio_cue":"/SE/Death/orbital"},"fired":{"audio_cue":"/SE/Weapons/orb/defense_satellite_fire"}},"gravwell_velocity_multiplier":6.0,"guard_layer":"WL_Orbital","guard_radius":280,"max_health":2000,"mesh_bounds":[11.5,11.5,3],"model":{"animtree":"/pa/anim/anim_trees/defense_satellite_anim_tree.json","filename":"/pa/units/orbital/defense_satellite/defense_satellite.papa"},"physics":{"collision_layers":"WL_Orbital","gravity_scalar":0.001,"push_class":50,"radius":15},"placement_size":[50,50],"recon":{"observer":{"items":[{"channel":"sight","layer":"orbital","radius":280,"shape":"sphere"}]}},"spawn_layers":"WL_Orbital","tools":[{"aim_bone":"bone_turret01","muzzle_bone":"bone_turret01","spec_id":"/pa/units/orbital/defense_satellite/defense_satellite_tool_weapon.json"},{"aim_bone":"bone_turret02","muzzle_bone":"bone_turret02","spec_id":"/pa/units/orbital/defense_satellite/defense_satellite_tool_weapon.json"},{"aim_bone":"bone_turret03","muzzle_bone":"bone_turret03","spec_id":"/pa/units/orbital/defense_satellite/defense_satellite_tool_weapon.json"},{"aim_bone":"bone_turret04","muzzle_bone":"bone_turret04","spec_id":"/pa/units/orbital/defense_satellite/defense_satellite_tool_weapon.json"}],"unit_types":["UNITTYPE_Structure","UNITTYPE_Orbital","UNITTYPE_Defense","UNITTYPE_OrbitalDefense","UNITTYPE_Advanced","UNITTYPE_FabOrbBuild"],"wreckage_health_frac":0.0}