{"TEMP_texelinfo":11.3221,"audio":{"loops":{"move":{"cue":"/SE/Movement/air/air_bomber_T2_loop","flag":"vel_changed","should_start_func":"is_moving","should_stop_func":"is_not_moving"}},"selection_response":{"cue":"/SE/Selection/air/bomber_T2"}},"base_spec":"/pa/units/air/base_flyer/base_flyer.json","build_metal_cost":1200,"description":"!LOC(units:bomber_equipped_with_advanced_anti_land_and_anti_naval_tactical_missiles.message):Bomber- Equipped with advanced anti-land and anti-naval tactical missiles.","display_name":"!LOC(units:hornet.message):Hornet","events":{"build_complete":{"audio_cue":"/SE/Build_Complete/air","effect_scale":0.3},"died":{"audio_cue":"/SE/Death/Air","effect_scale":0.3},"fired":{"audio_cue":"/SE/Weapons/air/bomber_T2_fire","effect_scale":0.3}},"fx_offsets":[{"filename":"/pa/units/air/bomber_adv/bomber_adv_jets.pfx","offset":[0,0,0],"type":"moving_forward"}],"guard_layer":"WL_AnySurface","guard_radius":100,"max_health":200,"mesh_bounds":[6.9,2.8500001,1.44],"model":{"arrows":5,"filename":"/pa/units/air/bomber_adv/bomber_advX.papa"},"navigation":{"acceleration":30,"aggressive_behavior":"circle","aggressive_distance":180.0,"aggressive_height":100.0,"bank_factor":1,"brake":30,"circle_max_time":4.0,"circle_min_time":2.0,"dodge_multiplier":0.0,"dodge_radius":0,"hover_time":-1.0,"move_speed":30,"turn_speed":135,"type":"air","wobble_factor":0.05,"wobble_speed":0.1},"physics":{"air_friction":1.0,"allow_pushing":false,"gravity_scalar":1,"push_class":2,"push_sideways":false,"radius":2.7},"recon":{"observer":{"items":[{"channel":"sight","layer":"surface_and_air","radius":200,"shape":"capsule"}]}},"tools":[{"aim_bone":"bone_root","muzzle_bone":"bone_root","spec_id":"/pa/units/air/bomber_adv/bomber_adv_tool_weapon.json"}],"unit_types":["UNITTYPE_Bomber","UNITTYPE_Mobile","UNITTYPE_Offense","UNITTYPE_Air","UNITTYPE_Tactical","UNITTYPE_Advanced","UNITTYPE_FactoryBuild"]}