{"TEMP_texelinfo":16.0481,"audio":{"loops":{"move":{"cue":"/SE/Movement/sea/nuclear_sub_loop","flag":"vel_changed","should_start_func":"is_moving","should_stop_func":"is_not_moving"}}},"base_spec":"/pa/units/sea/base_ship/base_ship.json","build_metal_cost":4320,"description":"!LOC(units:sub_class_anti_sub_and_anti_ship_torpedoes_long_range_ballistic_nuclear_missile.message):Sub Class: Anti-sub and anti-ship torpedoes, long range ballistic nuclear missile","display_name":"!LOC(units:barracuda.message):Barracuda","events":{"build_complete":{"audio_cue":"/SE/Build_Complete/sea"},"died":{"audio_cue":"/SE/Death/Sea_sub"},"fired":{"audio_cue":"/SE/Weapons/sea/nuclear_sub_fire"}},"max_health":700,"mesh_bounds":[2.5,17.5,2.5],"model":{"arrows":5,"filename":"/pa/units/sea/nuclear_sub/nuclear_sub.papa"},"navigation":{"acceleration":50,"brake":50,"dodge_multiplier":1.0,"dodge_radius":15,"move_speed":10,"turn_speed":30,"type":"deepwater","wobble_factor":0.0,"wobble_speed":0.0},"physics":{"push_class":2,"radius":6},"recon":{"observer":{"items":[{"channel":"sight","layer":"surface_and_air","radius":200,"shape":"capsule"}]}},"spawn_layers":"WL_WaterSurface","tools":[{"aim_bone":"bone_root","muzzle_bone":"bone_root","spec_id":"/pa/units/sea/nuclear_sub/nuclear_sub_tool_weapon.json"}],"unit_types":["UNITTYPE_Naval","UNITTYPE_Mobile","UNITTYPE_Offense","UNITTYPE_Advanced","UNITTYPE_Sub"]}