{"TEMP_texelinfo":15.8261,"atrophy_cool_down":15.0,"atrophy_rate":30.0,"audio":{"selection_response":{"cue":"/SE/Selection/structure/artillery"}},"base_spec":"/pa/units/land/base_structure/base_structure.json","build_metal_cost":1800,"command_caps":["ORDER_Attack"],"description":"!LOC(units:tactical_missile_launcher_equipped_with_advanced_long_range_anti_land_missile_launcher.message):Tactical missile launcher- Equipped with advanced long range anti-land missile launcher.","display_name":"!LOC(units:catapult.message):Catapult","events":{"build_complete":{"audio_cue":"/SE/Build_Complete/factory","effect_scale":0.5},"died":{"audio_cue":"/SE/Death/Factory","effect_scale":0.25},"fired":{"audio_cue":"/SE/Weapons/structure/tact_mis_launcher_catapult_fire","effect_spec":"/pa/units/land/tactical_missile_launcher/tactical_missile_launcher_launch.pfx","effect_scale":0.5}},"guard_layer":"WL_AnySurface","guard_radius":510,"max_health":1500,"mesh_bounds":[4.5,4.5,4.35],"model":[{"animations":{"end":"/pa/units/land/tactical_missile_launcher/tactical_missile_launcher_anim_endX.papa","start":"/pa/units/land/tactical_missile_launcher/tactical_missile_launcher_anim_startX.papa"},"animtree":"/pa/anim/anim_trees/tactical_missile_launcher_anim_tree.json","filename":"/pa/units/land/tactical_missile_launcher/tactical_missile_launcherX.papa","layer":"WL_LandHorizontal","skirt_decal":"/pa/effects/specs/skirt_08.json"},{"animations":{"end":"/pa/units/land/tactical_missile_launcher/tactical_missile_launcher_anim_endX.papa","start":"/pa/units/land/tactical_missile_launcher/tactical_missile_launcher_anim_startX.papa"},"animtree":"/pa/anim/anim_trees/tactical_missile_launcher_anim_tree.json","filename":"/pa/units/sea/tactical_missile_launcher/tactical_missile_launcherX.papa","layer":"WL_WaterSurface"}],"recon":{"observer":{"items":[{"channel":"sight","layer":"surface_and_air","radius":100,"shape":"capsule"}]}},"spawn_layers":"WL_AnyHorizontalGroundOrWaterSurface","tools":[{"aim_bone":"bone_missile01","muzzle_bone":"bone_missile01","spec_id":"/pa/units/land/tactical_missile_launcher/tactical_missile_launcher_tool_weapon.json"}],"unit_types":["UNITTYPE_Land","UNITTYPE_Structure","UNITTYPE_Tactical","UNITTYPE_Defense","UNITTYPE_Advanced","UNITTYPE_FabAdvBuild","UNITTYPE_Important"]}