{"TEMP_texelinfo":6.38702,"attachable":{"offsets":{"head":[0,0,0.9],"root":[0,0,0]}},"audio":{"loops":{"move":{"cue":"/SE/Movement/bot/T2_bot_bomb_loop","flag":"vel_changed","should_start_func":"is_moving","should_stop_func":"is_not_moving"}},"selection_response":{"cue":"/SE/Selection/bot/bot_bomb"}},"base_spec":"/pa/units/land/base_bot/base_bot.json","build_metal_cost":45,"description":"!LOC(units:bomb_bot_equipped_with_self_destruction_mechanism.message):Bomb bot- Equipped with Self Destruction mechanism.","display_name":"!LOC(units:boom.message):Boom","events":{"build_complete":{"audio_cue":"/SE/Build_Complete/bot","effect_scale":0.5},"died":{"audio_cue":"/SE/Death/Bot_bomb","effect_scale":0.5,"effect_spec":"/pa/units/land/bot_bomb/bot_bomb_ammo_explosion.pfx"},"fired":{"audio_cue":"","effect_spec":"","effect_scale":0.5}},"guard_layer":"WL_LandHorizontal","guard_radius":110,"max_health":10,"mesh_bounds":[1.9,2.25,1.6],"model":{"animations":{"death01":"/pa/units/land/bot_bomb/bot_bomb_anim_death01X.papa","idle":"/pa/units/land/bot_bomb/bot_bomb_anim_idleX.papa","walk":"/pa/units/land/bot_bomb/bot_bomb_anim_runX.papa"},"animtree":"/pa/anim/anim_trees/bot_bomb_anim_tree.json","filename":"/pa/units/land/bot_bomb/bot_bombX.papa","walk_speed":40},"navigation":{"acceleration":400,"brake":400,"move_speed":40,"turn_speed":720,"type":"land-small"},"physics":{"allow_pushing":true,"push_class":2,"radius":1.125},"recon":{"observer":{"items":[{"channel":"sight","layer":"surface_and_air","radius":20,"shape":"capsule"}]}},"spawn_layers":"WL_LandHorizontal","tools":[{"aim_bone":"bone_root","muzzle_bone":"bone_root","spec_id":"/pa/units/land/bot_bomb/bot_bomb_tool_weapon.json"}],"transportable":{"size":1},"unit_types":["UNITTYPE_Bot","UNITTYPE_Mobile","UNITTYPE_Land","UNITTYPE_Basic","UNITTYPE_FactoryBuild"],"wreckage_health_frac":0.0}