{"TEMP_texelinfo":24.4307,"area_build_type":"Sphere","atrophy_cool_down":15.0,"atrophy_rate":33.3333,"audio":{"selection_response":{"cue":"/SE/Selection/structure/metal"}},"base_spec":"/pa/units/land/base_structure/base_structure.json","build_metal_cost":2000,"consumption":{"energy":0},"description":"!LOC(units:advanced_manufacturing_produces_metal_can_only_be_placed_on_metal_deposits.message):Advanced manufacturing- Produces metal, can only be placed on metal deposits.","display_name":"!LOC(units:advanced_metal_extractor.message):Advanced Metal Extractor","events":{"build_complete":{"audio_cue":"/SE/Build_Complete/metal","effect_scale":0.3},"died":{"audio_cue":"/SE/Death/Factory","effect_scale":0.24000001}},"feature_requirements":["metal_spot"],"lamps":[{"color":[1.0,0.0,0.0],"intensity":1.0,"offset":[0,-0.6819,2.6238003],"radius":5.0}],"max_health":5000,"mesh_bounds":[4.65,4.01055,6.9600005],"model":[{"animations":{"idle":"/pa/units/land/metal_extractor_adv/metal_extractor_adv_anim_workX.papa"},"animtree":"/pa/anim/anim_trees/constant_idle_anim_tree.json","arrows":10,"filename":"/pa/units/land/metal_extractor_adv/metal_extractor_advX.papa","layer":"WL_LandHorizontal"},{"animations":{"idle":"/pa/units/sea/sea_metal_extractor_adv/sea_metal_extractor_adv_anim_workX.papa"},"animtree":"/pa/anim/anim_trees/constant_idle_anim_tree.json","arrows":10,"filename":"/pa/units/sea/sea_metal_extractor_adv/sea_metal_extractor_advX.papa","layer":"WL_WaterSurface"}],"placement_size":[6,4.8],"production":{"metal":24},"recon":{"observer":{"items":[{"channel":"sight","layer":"surface_and_air","radius":100,"shape":"capsule"}]}},"replaceable_units":["/pa/units/land/metal_extractor/metal_extractor.json"],"spawn_layers":"WL_AnyHorizontalGroundOrWaterSurface","strategic_icon_priority":5,"unit_types":["UNITTYPE_Structure","UNITTYPE_Advanced","UNITTYPE_MetalProduction","UNITTYPE_FabAdvBuild","UNITTYPE_Economy"]}