{"TEMP_texelinfo":9.31488,"attachable":{"offsets":{"head":[0,0,1.55],"root":[0,0,0]}},"audio":{"loops":{"move":{"cue":"/SE/Movement/veh/tank_heavy_mortar_loop_sheller_T2","flag":"vel_changed","should_start_func":"is_moving","should_stop_func":"is_not_moving"}}},"base_spec":"/pa/units/land/base_vehicle/base_vehicle.json","build_metal_cost":1200,"description":"!LOC(units:mortar_tank_equipped_with_advanced_mobile_artillery.message):Mortar tank- Equipped with advanced mobile artillery.","display_name":"!LOC(units:sheller.message):Sheller","events":{"build_complete":{"audio_cue":"/SE/Build_Complete/veh","effect_scale":0.5},"died":{"audio_cue":"/SE/Death/Veh","effect_scale":0.7},"fired":{"audio_cue":"/SE/Weapons/veh/tank_T2_sheller","effect_scale":0.5}},"guard_layer":"WL_AnySurface","guard_radius":180,"influence_radius":400,"max_health":125,"mesh_bounds":[3.5,3.75,1.9],"model":{"animtree":"/pa/anim/anim_trees/turret_anim_tree.json","arrows":5,"filename":"/pa/units/land/tank_heavy_mortar/tank_heavy_mortarX.papa"},"navigation":{"acceleration":100,"brake":100,"group_preference":"back","move_speed":10,"turn_speed":60,"type":"land-small"},"nearby_target_tick_update_interval":15,"physics":{"push_class":60,"radius":3},"recon":{"observer":{"items":[{"channel":"sight","layer":"surface_and_air","radius":100,"shape":"capsule"}]}},"tools":[{"aim_bone":"socket_aim","muzzle_bone":"socket_muzzle","spec_id":"/pa/units/land/tank_heavy_mortar/tank_heavy_mortar_tool_weapon.json"}],"transportable":{"size":1},"unit_types":["UNITTYPE_Tank","UNITTYPE_Mobile","UNITTYPE_Offense","UNITTYPE_Land","UNITTYPE_Artillery","UNITTYPE_Advanced","UNITTYPE_FactoryBuild"]}