{"TEMP_texelinfo":10.4007,"area_build_separation":18,"atrophy_cool_down":15.0,"atrophy_rate":10.0,"base_spec":"/pa/units/land/base_structure/base_structure.json","build_metal_cost":600,"command_caps":["ORDER_Attack"],"description":"!LOC(units:torpedo_launcher_basic_anti_ship_defense.message):Torpedo Launcher- Basic anti-ship defense.","display_name":"!LOC(units:torpedo_launcher.message):Torpedo Launcher","events":{"build_complete":{"audio_cue":"/SE/Build_Complete/sea","effect_scale":0.3},"died":{"audio_cue":"/SE/Death/Sea","effect_scale":0.15},"fired":{"audio_cue":"/SE/Weapons/sea/torpedo_fire","effect_scale":0.3}},"guard_layer":"WL_WaterSurface","guard_radius":250,"max_health":1500,"mesh_bounds":[3.6000001,1.8000001,1.5],"model":{"animations":{"idle":"/pa/units/sea/torpedo_launcher/torpedo_launcher_anim_idleX.papa"},"animtree":"/pa/anim/anim_trees/torpedo_launcher_anim_tree.json","filename":"/pa/units/sea/torpedo_launcher/torpedo_launcherX.papa"},"recon":{"observer":{"items":[{"channel":"sight","layer":"surface_and_air","radius":100,"shape":"capsule"},{"channel":"radar","layer":"surface_and_air","radius":200,"shape":"capsule"}]}},"spawn_layers":"WL_WaterSurface","tools":[{"aim_bone":"bone_turret","muzzle_bone":"socket_rightMuzzle","spec_id":"/pa/units/sea/torpedo_launcher/torpedo_launcher_tool_weapon.json"}],"unit_types":["UNITTYPE_Structure","UNITTYPE_Basic","UNITTYPE_Naval","UNITTYPE_Defense","UNITTYPE_CmdBuild","UNITTYPE_FabBuild","UNITTYPE_CombatFabAdvBuild"]}