{"TEMP_texelinfo":4.24257,"audio":{"loops":{"move":{"cue":"/SE/Movement/sea/sea_scout_ship_loop","flag":"vel_changed","should_start_func":"is_moving","should_stop_func":"is_not_moving"}}},"base_spec":"/pa/units/sea/base_ship/base_ship.json","build_metal_cost":300,"description":"!LOC(units:scout_light_weaponry_fast_speed.message):Scout- Light weaponry, fast speed.","display_name":"!LOC(units:sun_fish.message):Sun Fish","events":{"build_complete":{"audio_cue":"/SE/Build_Complete/sea","effect_scale":0.5},"died":{"audio_cue":"/SE/Death/Sea","effect_scale":0.625,"effect_spec":"/pa/effects/specs/default_explosion.pfx"},"fired":{"audio_cue":"/SE/Weapons/sea/sea_scout_fire","effect_scale":0.5}},"max_health":100,"mesh_bounds":[1.5,5.25,1.8],"model":{"animations":{"idle":"/pa/units/sea/sea_scout/sea_scout_anim_idleX.papa"},"animtree":"/pa/anim/anim_trees/constant_idle_anim_tree.json","arrows":5,"filename":"/pa/units/sea/sea_scout/sea_scoutX.papa"},"navigation":{"acceleration":200,"brake":200,"move_speed":20,"turn_in_place":false,"turn_speed":180,"type":"deepwater"},"physics":{"push_class":2,"radius":3},"recon":{"observer":{"items":[{"channel":"sight","layer":"surface_and_air","radius":100,"shape":"capsule"}]}},"spawn_layers":"WL_WaterSurface","tools":[{"aim_bone":"bone_root","muzzle_bone":"bone_root","spec_id":"/pa/units/sea/sea_scout/sea_scout_tool_weapon.json"}],"unit_types":["UNITTYPE_Naval","UNITTYPE_Scout","UNITTYPE_Mobile","UNITTYPE_Offense","UNITTYPE_Basic","UNITTYPE_FactoryBuild"]}