{"TEMP_texelinfo":62.1789,"area_build_separation":7,"atrophy_cool_down":15.0,"atrophy_rate":80.0,"audio":{"loops":{"build":{"cue":"/SE/Construction/Factory_contruction_loop_veh","flag":"build_target_changed","should_start_func":"has_build_target","should_stop_func":"no_build_target"}}},"base_spec":"/pa/units/land/base_structure/base_structure.json","build_metal_cost":4800,"buildable_types":"Mobile & Tank & FactoryBuild","command_caps":["ORDER_Move","ORDER_Patrol","ORDER_FactoryBuild","ORDER_Reclaim","ORDER_Repair","ORDER_Attack","ORDER_Assist","ORDER_Use"],"description":"!LOC(units:advanced_manufacturing_builds_land_vehicles.message):Advanced manufacturing- Builds land vehicles.","display_name":"!LOC(units:advanced_vehicle_factory.message):Advanced Vehicle Factory","events":{"died":{"effect_scale":0.45000002}},"factory_cooldown_time":4,"fx_offsets":[{"bone":"socket_nozzle01","filename":"/pa/effects/specs/fab_spray.pfx","offset":[0,0,0],"orientation":[0,0,0],"type":"build"},{"bone":"socket_nozzle02","filename":"/pa/effects/specs/fab_spray.pfx","offset":[0,0,0],"orientation":[0,0,0],"type":"build"},{"bone":"socket_nozzle03","filename":"/pa/effects/specs/fab_spray.pfx","offset":[0,0,0],"orientation":[0,0,0],"type":"build"},{"bone":"socket_nozzle04","filename":"/pa/effects/specs/fab_spray.pfx","offset":[0,0,0],"orientation":[0,0,0],"type":"build"},{"bone":"socket_nozzle05","filename":"/pa/effects/specs/fab_spray.pfx","offset":[0,0,0],"orientation":[0,0,0],"type":"build"},{"bone":"socket_nozzle06","filename":"/pa/effects/specs/fab_spray.pfx","offset":[0,0,0],"orientation":[0,0,0],"type":"build"},{"bone":"socket_nozzle07","filename":"/pa/effects/specs/fab_spray.pfx","offset":[0,0,0],"orientation":[0,0,0],"type":"build"},{"bone":"socket_nozzle08","filename":"/pa/effects/specs/fab_spray.pfx","offset":[0,0,0],"orientation":[0,0,0],"type":"build"}],"headlights":[{"color":[1.5,1.52,1.6],"debug":false,"far_distance":30.0,"gobo":"/pa/effects/textures/gobo/spotlight_gobo.papa","near_distance":15.0,"near_height":30.0,"near_width":30.0,"offset":[0,0,9],"orientation":[0.0,0.0,0.0]}],"lamps":[{"color":[0.1,1.0,0.1],"intensity":2.0,"offset":[5.6013002,-5.3787003,4.6920004],"radius":8.0},{"color":[0.1,1.0,0.1],"intensity":2.0,"offset":[6.8436003,-5.3787003,3.3960001],"radius":8.0},{"color":[0.1,1.0,0.1],"intensity":2.0,"offset":[5.6013002,5.3787003,4.6920004],"radius":8.0},{"color":[0.1,1.0,0.1],"intensity":2.0,"offset":[6.8436003,5.3787003,3.3960001],"radius":8.0},{"color":[1.0,0.0,0.0],"intensity":2.0,"offset":[-5.115,7.5840006,1.704],"radius":4.0},{"color":[1.0,0.0,0.0],"intensity":2.0,"offset":[-5.115,-7.5840006,1.704],"radius":4.0}],"max_health":30000,"mesh_bounds":[15.000001,15.000001,6.9],"model":{"animations":{"build_end":"/pa/units/land/vehicle_factory_adv/vehicle_factory_adv_anim_endX.papa","build_loop":"/pa/units/land/vehicle_factory_adv/vehicle_factory_adv_anim_buildX.papa","build_start":"/pa/units/land/vehicle_factory_adv/vehicle_factory_adv_anim_startX.papa","idle":"/pa/units/land/vehicle_factory_adv/vehicle_factory_adv_anim_buildX.papa"},"animtree":"/pa/anim/anim_trees/factory_anim_tree.json","filename":"/pa/units/land/vehicle_factory_adv/vehicle_factory_advX.papa","skirt_decal":"/pa/effects/specs/skirt_02.json"},"physics":{"collision_layers":"WL_AnyHorizontalGroundOrWaterSurface"},"placement_size":[15.000001,24],"recon":{"observer":{"items":[{"channel":"sight","layer":"surface_and_air","radius":100,"shape":"capsule"}]}},"rolloff_dirs":[[0,1,0],[0,-1,0]],"tools":[{"aim_bone":"bone_root","spec_id":"/pa/units/land/vehicle_factory_adv/vehicle_factory_adv_build_arm.json"}],"unit_types":["UNITTYPE_Factory","UNITTYPE_Construction","UNITTYPE_Land","UNITTYPE_Tank","UNITTYPE_Structure","UNITTYPE_Advanced","UNITTYPE_Important"],"wait_to_rolloff_time":0}