{"TEMP_texelinfo":4.07719,"attachable":{"offsets":{"head":[0,0,1.0500001],"root":[0,0,0]}},"audio":{"loops":{"move":{"cue":"/SE/Movement/bot/assault_loop","flag":"vel_changed","should_start_func":"is_moving","should_stop_func":"is_not_moving"}},"selection_response":{"cue":"/SE/Selection/bot/assault"}},"base_spec":"/pa/units/land/base_bot/base_bot.json","build_metal_cost":45,"description":"!LOC(units:assault_bot_equipped_with_basic_anti_land_and_anti_ship_lasers.message):Assault bot- Equipped with basic anti-land and anti-ship lasers.","display_name":"!LOC(units:dox.message):Dox","events":{"build_complete":{"audio_cue":"/SE/Build_Complete/bot","effect_scale":0.3},"died":{"audio_cue":"/SE/Death/Bot","effect_scale":0.3},"fired":{"audio_cue":"/SE/Weapons/bot/assault_fire","effect_spec":"/pa/effects/specs/default_small_muzzle_flash.pfx socket_rightMuzzle /pa/effects/specs/default_small_muzzle_flash.pfx socket_leftMuzzle","effect_scale":0.3}},"guard_layer":"WL_AnySurface","guard_radius":80,"max_health":40,"mesh_bounds":[1.2,0.6,1.2],"model":{"animations":{"aim_down":"/pa/units/land/assault_bot/assault_bot_anim_aim_dwnX.papa","aim_up":"/pa/units/land/assault_bot/assault_bot_anim_aim_upX.papa","death01":"/pa/units/land/assault_bot/assault_bot_anim_death01X.papa","idle":"/pa/units/land/assault_bot/assault_bot_anim_idleX.papa","walk":"/pa/units/land/assault_bot/assault_bot_anim_runX.papa"},"animtree":"/pa/anim/anim_trees/bipedal_mech_anim_tree.json","filename":"/pa/units/land/assault_bot/assault_botX.papa","walk_speed":20},"navigation":{"acceleration":200,"brake":200,"move_speed":20,"turn_speed":720,"type":"amphibious"},"physics":{"push_class":2,"radius":0.6},"recon":{"observer":{"items":[{"channel":"sight","layer":"surface_and_air","radius":150,"shape":"capsule"}]}},"tools":[{"aim_bone":"socket_aim","muzzle_bone":"socket_rightMuzzle","spec_id":"/pa/units/land/assault_bot/assault_bot_tool_weapon.json"},{"aim_bone":"socket_aim","muzzle_bone":"socket_leftMuzzle","spec_id":"/pa/units/land/assault_bot/assault_bot_tool_weapon.json"}],"transportable":{"size":1},"unit_types":["UNITTYPE_Bot","UNITTYPE_Mobile","UNITTYPE_Offense","UNITTYPE_Land","UNITTYPE_Basic","UNITTYPE_FactoryBuild"]}