{"TEMP_texelinfo":12.901,"atrophy_cool_down":15.0,"atrophy_rate":25,"audio":{"selection_response":{"cue":"/SE/Selection/structure/artillery"}},"base_spec":"/pa/units/land/base_structure/base_structure.json","build_metal_cost":1500,"command_caps":["ORDER_Attack"],"description":"!LOC(units:basic_artillery_equipped_with_medium_range_anti_land_and_anti_ship_gun.message):Basic artillery- Equipped with medium range anti-land, and anti-ship gun.","display_name":"!LOC(units:pelter.message):Pelter","events":{"build_complete":{"audio_cue":"/SE/Build_Complete/structure_small","effect_scale":0.3},"died":{"audio_cue":"/SE/Death/structure_small","effect_scale":0.18},"fired":{"audio_cue":"/SE/Weapons/structure/artillery_short_fire","effect_spec":"/pa/effects/specs/tank_muzzle_flash.pfx socket_muzzle /pa/effects/specs/artillery_muzzle_ground.pfx","effect_scale":0.3}},"guard_layer":"WL_AnySurface","guard_radius":280,"lamps":[{"bone":"bone_pitch","color":[1.0,1.0,1.0],"intensity":2.0,"offset":[0,-1.272,0.531],"radius":1.75}],"max_health":450,"mesh_bounds":[2.1000001,4.54329,2.67],"model":[{"animations":{"aim_up":"/pa/units/land/artillery_short/artillery_short_anim_aimUpX.papa"},"animtree":"/pa/anim/anim_trees/artillery_building_anim_tree.json","filename":"/pa/units/land/artillery_short/artillery_shortX.papa","layer":"WL_LandHorizontal","skirt_decal":"/pa/effects/specs/skirt_artillery_short.json"},{"animations":{"aim_up":"/pa/units/sea/artillery_short/artillery_short_anim_aimUpX.papa"},"animtree":"/pa/anim/anim_trees/artillery_building_anim_tree.json","filename":"/pa/units/sea/artillery_short/artillery_shortX.papa","layer":"WL_WaterSurface"}],"nearby_target_tick_update_interval":15,"recon":{"observer":{"items":[{"channel":"sight","layer":"surface_and_air","radius":100,"shape":"capsule"}]}},"spawn_layers":"WL_AnyHorizontalGroundOrWaterSurface","tools":[{"aim_bone":"socket_aim","muzzle_bone":"socket_muzzle","spec_id":"/pa/units/land/artillery_short/artillery_short_tool_weapon.json"}],"unit_types":["UNITTYPE_Structure","UNITTYPE_Artillery","UNITTYPE_Defense","UNITTYPE_FabBuild","UNITTYPE_Basic"]}